"","user_id","Condition","condition","age","gender","field","degree","motivation","sc","pre_mean","steps_I","steps_C","steps_S","gain_I","gain_C","gain_S","pre1_I","pre1_C","pre1_S","pre2_I","pre2_C","pre2_S","pre_mean_z","college_1_feedback_truth","college_1_feedback_length","college_1_ToF","college_2_feedback_truth","college_2_feedback_length","college_2_ToF","college_3_feedback_truth","college_3_feedback_length","college_3_ToF","college_4_feedback_truth","college_4_feedback_length","college_4_ToF","intermediate_1_feedback_truth","intermediate_1_feedback_length","intermediate_1_ToF","intermediate_2_feedback_truth","intermediate_2_feedback_length","intermediate_2_ToF","intermediate_3_feedback_truth","intermediate_3_feedback_length","intermediate_3_ToF","intermediate_4_feedback_truth","intermediate_4_feedback_length","intermediate_4_ToF","statistics_1_feedback_truth","statistics_1_feedback_length","statistics_1_ToF","statistics_2_feedback_truth","statistics_2_feedback_length","statistics_2_ToF","statistics_3_feedback_truth","statistics_3_feedback_length","statistics_3_ToF","statistics_4_feedback_truth","statistics_4_feedback_length","statistics_4_ToF"
"1","11097868","Accurate","Accurate",27,"Female",NA,"Post-se",3.75,5,0.333333333333333,4,4,4,0,1,-0.5,1,0,0,0,0,1,-1.03982516778057,TRUE,593,106.723,TRUE,816,26.81599998,TRUE,719,65.42799997,TRUE,435,24.56299996,TRUE,434,16.15100002,TRUE,322,12.50399995,TRUE,366,6.062000036,TRUE,434,11.39700007,TRUE,463,8.822000027,TRUE,794,13.96099997,TRUE,708,4.995999813,TRUE,574,7.411999941
"2","13018891","Inaccurate","Inaccurate",23,"Male","Humanit","Short-c",2,4.4,0.833333333333333,4,4,4,-0.5,0,0.5,1,1,1,1,1,0,0.96869024684588,FALSE,757,54.24000001,FALSE,500,98.90099978,FALSE,1744,69.55200005,FALSE,1353,35.85100007,FALSE,414,13.01900005,FALSE,393,11.3829999,FALSE,229,10.68499994,FALSE,351,15.25,FALSE,662,103.227,FALSE,865,97.16600013,FALSE,870,22.14699984,FALSE,1008,62.07200003
"3","53749983","Mixed","Mixed",NA,NA,NA,NA,NA,NA,0.5,0,0,3,NA,NA,NA,NA,NA,1,NA,NA,0,-0.370320029571751,NA,757,NA,NA,816,NA,NA,1744,NA,NA,435,NA,NA,414,NA,NA,322,NA,NA,229,NA,NA,434,NA,TRUE,463,72.00399995,TRUE,794,40.12900019,FALSE,870,NA,NA,1008,NA
"4","66953439","Mixed","Mixed",19,"Female",NA,"Short-c",2.75,2,0.833333333333333,4,4,4,0,-0.5,0,1,1,1,1,0,1,0.96869024684588,FALSE,757,36.85500002,TRUE,816,16.73799992,FALSE,1744,6.960999966,TRUE,435,5.237999916,FALSE,414,8.390000105,TRUE,322,7.861000061,FALSE,229,12.46700001,TRUE,434,10.76900005,TRUE,463,16.69200015,TRUE,794,14.10399985,FALSE,870,8.532999992,FALSE,1008,15.99300003
"5","86370508","Control","Control",NA,NA,NA,NA,NA,NA,0,4,0,4,NA,NA,0.5,NA,0,0,NA,0,0,-2.3788354441982,NA,149,NA,NA,143,NA,NA,130,NA,NA,105,NA,NA,133,1.626000166,NA,74,0.998000145,NA,66,0.969000101,NA,70,7.420000076,NA,429,0.934000015,NA,255,6.49000001,NA,276,7.323000193,NA,248,2.10800004
"6","105209047","Accurate","Accurate",18,"Female",NA,"Upper s",1.5,2.8,0.333333333333333,4,4,4,-0.5,0,-0.5,1,0,1,0,0,0,-1.03982516778057,TRUE,593,6.072999954,TRUE,816,44.99000001,TRUE,719,3.869999886,TRUE,435,9.19299984,TRUE,434,2.497999907,TRUE,322,2.939999819,TRUE,366,7.994999886,TRUE,434,1.473999977,TRUE,463,5.871999979,TRUE,794,3.184999943,TRUE,708,4.729000092,TRUE,574,3.868000031
"7","105544987","Control","Control",20,"Female",NA,"Short-c",3,2.2,0.5,4,4,0,NA,0.5,NA,NA,1,NA,NA,0,NA,-0.370320029571751,NA,149,0.89199996,NA,143,5.886999846,NA,130,0.924999952,NA,105,0.846000195,NA,133,1.062000036,NA,74,0.828000069,NA,66,0.88499999,NA,70,5.415999889,NA,429,NA,NA,255,NA,NA,276,NA,NA,248,NA
"8","123826259","Mixed","Mixed",19,"Female",NA,"Upper s",3.5,7,0.666666666666667,4,4,4,0,0,0,1,0,1,0,1,1,0.299185108637064,FALSE,757,79.68499994,TRUE,816,17.48199987,FALSE,1744,30.69300008,TRUE,435,14.72799993,FALSE,414,27.47399998,TRUE,322,3.098999977,FALSE,229,26.3269999,TRUE,434,6.74000001,TRUE,463,5.681999922,TRUE,794,18.45699978,FALSE,870,4.715999842,FALSE,1008,22.59500003
"9","145201220","Control",NA,NA,NA,NA,NA,NA,NA,0,0,0,0,NA,NA,NA,NA,0,NA,NA,NA,NA,-2.3788354441982,NA,NA,NA,NA,NA,NA,NA,NA,NA,NA,NA,NA,NA,NA,NA,NA,NA,NA,NA,NA,NA,NA,NA,NA,NA,NA,NA,NA,NA,NA,NA,NA,NA,NA,NA,NA
"10","148849482","Control","Accurate",NA,NA,NA,NA,NA,NA,0.333333333333333,0,0,1,NA,NA,NA,NA,0,NA,NA,0,1,-1.03982516778057,TRUE,593,3.467999935,NA,816,NA,NA,719,NA,NA,435,NA,NA,434,NA,NA,322,NA,NA,366,NA,NA,434,NA,NA,463,NA,NA,794,NA,NA,708,NA,TRUE,574,1.551000118
"11","151453927","Inaccurate","Inaccurate",21,"Female","Science","Post-se",2.25,7,0.666666666666667,4,4,4,0,-0.5,0.5,1,1,0,1,1,0,0.299185108637064,FALSE,757,197.7520001,FALSE,500,104.654,FALSE,1744,13.02800012,FALSE,1353,77,FALSE,414,22.27699995,FALSE,393,6.953000069,FALSE,229,32.98799992,FALSE,351,63.40799999,FALSE,662,48.26699996,FALSE,865,46.44099998,FALSE,870,112.8529999,FALSE,1008,240.592
"12","154388437","Mixed","Mixed",NA,NA,"General",NA,2.25,1.4,0.5,4,0,4,-0.5,0,0,1,0,1,0,1,0,-0.370320029571751,FALSE,757,77.148,TRUE,816,2.126999855,FALSE,1744,2.11500001,TRUE,435,5.598999977,FALSE,414,3.816999912,TRUE,322,19.50099993,FALSE,229,11.31699991,TRUE,434,11.11899996,TRUE,463,7.046000004,TRUE,794,7.615999937,FALSE,870,1.23300004,FALSE,1008,1.187999964
"13","179092855","Accurate","Accurate",21,"Female",NA,"Upper s",1.75,6.6,0.333333333333333,4,4,4,0.5,0,0,1,0,1,0,0,0,-1.03982516778057,TRUE,593,2.801999807,TRUE,816,22.56999993,TRUE,719,1.973999977,TRUE,435,11.53399992,TRUE,434,4.424999952,TRUE,322,4.336999893,TRUE,366,1.996999979,TRUE,434,6.506000042,TRUE,463,7.611999989,TRUE,794,3.903999805,TRUE,708,7.457999945,TRUE,574,4.437000036
"14","217123549","Accurate","Accurate",NA,NA,"Science",NA,NA,NA,0.666666666666667,4,4,4,-0.5,-0.5,-0.5,1,1,0,0,1,1,0.299185108637064,TRUE,593,2.712999821,TRUE,816,8.911000013,TRUE,719,15.84500003,TRUE,435,15.13300014,TRUE,434,5.312000036,TRUE,322,1.657999992,TRUE,366,2.490999937,TRUE,434,6.023000002,TRUE,463,2.576000214,TRUE,794,4.503000021,TRUE,708,7.71600008,TRUE,574,2.739000082
"15","218194954","Accurate","Accurate",21,"Female",NA,"Upper s",2.25,3.6,NA,4,0,0,NA,NA,NA,NA,NA,NA,NA,NA,NA,NA,NA,593,NA,NA,816,NA,NA,719,NA,NA,435,NA,TRUE,434,3.243000031,TRUE,322,4.679999828,TRUE,366,3.292999983,TRUE,434,2.654000044,NA,463,NA,NA,794,NA,NA,708,NA,NA,574,NA
"16","227776249","Inaccurate","Inaccurate",NA,NA,NA,NA,4,8,0,0,4,0,NA,0,NA,NA,0,NA,NA,0,NA,-2.3788354441982,FALSE,757,2.523000002,FALSE,500,51.11299992,FALSE,1744,3.40199995,FALSE,1353,264.4729998,NA,414,NA,NA,393,NA,NA,229,NA,NA,351,NA,NA,662,NA,NA,865,NA,NA,870,NA,NA,1008,NA
"17","234506068","Mixed","Mixed",19,"Male","Science","Upper s",3,7.2,0.833333333333333,4,4,4,0.5,0,0,1,1,1,0,1,1,0.96869024684588,FALSE,757,4.71600008,TRUE,816,1.872999907,FALSE,1744,2.539999962,TRUE,435,4.263000011,FALSE,414,4.184000015,TRUE,322,4.312999964,FALSE,229,5.786000013,TRUE,434,2.09800005,TRUE,463,13.71600008,TRUE,794,4.913000107,FALSE,870,8.170000076,FALSE,1008,4.339999914
"18","242772097","Inaccurate","Inaccurate",23,"Male","Science",NA,1.5,7,0.5,4,4,4,0,0,0.5,1,0,0,0,1,1,-0.370320029571751,FALSE,757,207.9250002,FALSE,500,70.34699988,FALSE,1744,221.4100001,FALSE,1353,123.625,FALSE,414,109.658,FALSE,393,178.6099999,FALSE,229,68.96399999,FALSE,351,208.063,FALSE,662,75.07200003,FALSE,865,194.4680002,FALSE,870,151.4200001,FALSE,1008,76.57200003
"19","243831519","Accurate","Accurate",NA,NA,NA,NA,NA,NA,1,0,4,0,NA,0,NA,NA,1,NA,NA,1,NA,1.6381953850547,TRUE,593,6.536999941,TRUE,816,24.95600009,TRUE,719,10.16499996,TRUE,435,7.346999884,NA,434,NA,NA,322,NA,NA,366,NA,NA,434,NA,NA,463,NA,NA,794,NA,NA,708,NA,NA,574,NA
"20","284117684","Mixed","Mixed",NA,NA,NA,NA,NA,NA,0.333333333333333,1,4,4,NA,0,1,1,0,0,0,1,0,-1.03982516778057,FALSE,757,37.36599994,TRUE,816,24.68299985,FALSE,1744,9.437999964,TRUE,435,2.469000101,FALSE,414,31.18099999,NA,322,NA,NA,229,NA,NA,434,NA,TRUE,463,2.07799983,TRUE,794,6.738000154,FALSE,870,19.0619998,FALSE,1008,8.415999889
"21","315289696","Accurate","Accurate",18,"Male","Science","Upper s",3,7.2,0.833333333333333,4,4,4,0,0.5,-0.5,1,0,1,1,1,1,0.96869024684588,TRUE,593,7.279999971,TRUE,816,9.359999895,TRUE,719,2.690999985,TRUE,435,5.850000143,TRUE,434,11.13200021,TRUE,322,2.614000082,TRUE,366,2.676000118,TRUE,434,6.369999886,TRUE,463,3.493000031,TRUE,794,11.67400002,TRUE,708,7.039000034,TRUE,574,23.92199993
"22","340006003","Control","Control",24,"Non-bin",NA,"Upper s",2.5,3.2,0.666666666666667,4,4,4,0,0,0.5,1,1,0,1,1,0,0.299185108637064,NA,149,1.40899992,NA,143,1.112999916,NA,130,0.812999964,NA,105,3.993000031,NA,133,4.067000151,NA,74,1.770999908,NA,66,0.42200017,NA,70,0.725999832,NA,429,1.445000172,NA,255,0.596999884,NA,276,4.404999971,NA,248,0.614000082
"23","361625846","Mixed","Mixed",21,"Male",NA,"Upper s",2.75,1.4,0.333333333333333,4,4,4,0,0,-0.5,0,0,1,0,0,1,-1.03982516778057,FALSE,757,15.44099998,TRUE,816,15.59699988,FALSE,1744,30.46300006,TRUE,435,27.24699998,FALSE,414,16.71399999,TRUE,322,34.35700011,FALSE,229,14.07299995,TRUE,434,26.09399986,TRUE,463,5.878999949,TRUE,794,27.47600007,FALSE,870,27.02699995,FALSE,1008,45.08699989
"24","406971024","Accurate","Accurate",57,"Female","Science","Short-c",3.25,5.6,0.5,4,3,4,0.5,-0.5,0,1,1,1,0,0,0,-0.370320029571751,TRUE,593,30.58299994,TRUE,816,25.83999991,TRUE,719,90.39700007,TRUE,435,30.97799993,TRUE,434,17.51699996,TRUE,322,18.69499993,TRUE,366,84.26200008,TRUE,434,68.83099985,TRUE,463,12.17400002,TRUE,794,29.41700006,TRUE,708,20.01300001,TRUE,574,22.98799992
"25","423672712","Control","Control",21,"Female",NA,"Upper s",3,7.2,1,4,4,4,0,0,0,1,1,1,1,1,1,1.6381953850547,NA,149,1.133000135,NA,143,1.355000019,NA,130,3.983999968,NA,105,0.865999937,NA,133,6.13499999,NA,74,1.555999994,NA,66,0.828999996,NA,70,0.863000154,NA,429,1.518000126,NA,255,1.139000177,NA,276,1.748000145,NA,248,6.000999928
"26","433144051","Control","Control",20,"Male",NA,"Upper s",2.5,4.4,0.5,4,4,4,0,0,0,1,1,0,0,1,0,-0.370320029571751,NA,149,3.900000095,NA,143,2.069000006,NA,130,0.704999924,NA,105,1.994000196,NA,133,3.957000017,NA,74,0.509000063,NA,66,1.244999886,NA,70,0.375,NA,429,2.212000132,NA,255,3.780999899,NA,276,0.786999941,NA,248,0.646000147
"27","444146535","Inaccurate","Inaccurate",20,"Female","Humanit","Upper s",2.75,3.4,0.333333333333333,4,4,4,-0.5,1,0.5,1,0,0,1,0,0,-1.03982516778057,FALSE,757,46.75200009,FALSE,500,50.46099997,FALSE,1744,101.664,FALSE,1353,36.04899979,FALSE,414,7.604999781,FALSE,393,12.12100005,FALSE,229,12.18000007,FALSE,351,35.12799978,FALSE,662,16.49799991,FALSE,865,19.34299994,FALSE,870,25.81800008,FALSE,1008,21.21200013
"28","453574087","Inaccurate","Inaccurate",19,"Male","Science","Post-se",3.75,5.8,0.666666666666667,4,4,4,0.5,0.5,0,0,1,1,1,0,1,0.299185108637064,FALSE,757,27.46799994,FALSE,500,12.90400004,FALSE,1744,17.2349999,FALSE,1353,13.67900014,FALSE,414,14.329,FALSE,393,7.246000051,FALSE,229,8.080999851,FALSE,351,18.23199987,FALSE,662,3.765000105,FALSE,865,14.60900021,FALSE,870,3.872999907,FALSE,1008,7.518000126
"29","485216731","Accurate","Accurate",NA,NA,NA,NA,NA,NA,0.666666666666667,0,0,4,NA,NA,0,1,NA,1,NA,NA,0,0.299185108637064,NA,593,NA,NA,816,NA,NA,719,NA,NA,435,NA,NA,434,NA,NA,322,NA,NA,366,NA,NA,434,NA,TRUE,463,3.427999973,TRUE,794,12.954,TRUE,708,25.90100002,TRUE,574,4.299999952
"30","519886802","Control","Control",NA,NA,NA,NA,NA,NA,0.75,3,0,4,NA,NA,-0.5,1,NA,1,1,NA,0,0.633937677741472,NA,149,NA,NA,143,NA,NA,130,NA,NA,105,NA,NA,133,2.413000107,NA,74,1.444000006,NA,66,1.123999834,NA,70,NA,NA,429,4,NA,255,5.18900013,NA,276,1.687999964,NA,248,4.305000067
"31","526391055","Accurate","Accurate",30,"Male",NA,"Short-c",2.25,4.2,0.5,4,4,4,0,0,0.5,1,0,0,1,0,1,-0.370320029571751,TRUE,593,6.279000044,TRUE,816,16.35700011,TRUE,719,12.227,TRUE,435,4.262000084,TRUE,434,11.33400011,TRUE,322,7.871000051,TRUE,366,3.978000164,TRUE,434,18.04099989,TRUE,463,8.330000162,TRUE,794,4.289999962,TRUE,708,3.218000174,TRUE,574,10.68000007
"32","536485353","Mixed","Mixed",NA,NA,NA,"Upper s",3.25,3.8,0.833333333333333,4,4,4,0,0,0,1,1,1,0,1,1,0.96869024684588,FALSE,757,9.454999924,TRUE,816,28.89899993,FALSE,1744,35.96899986,TRUE,435,3.694000006,FALSE,414,16.87800002,TRUE,322,4.244999886,FALSE,229,7.20600009,TRUE,434,6.030999899,TRUE,463,8.845000029,TRUE,794,10.67499995,FALSE,870,14.84900022,FALSE,1008,9.832000017
"33","538357876","Mixed","Mixed",20,"Female","Humanit","Short-c",4,7.2,0.833333333333333,4,4,4,0,0,0,1,1,1,1,1,0,0.96869024684588,FALSE,757,24.352,TRUE,816,20.66300011,FALSE,1744,23.375,TRUE,435,4.477999926,FALSE,414,7.710999966,TRUE,322,5.325999975,FALSE,229,7.203999996,TRUE,434,8.540999889,TRUE,463,6.470000029,TRUE,794,11.07999992,FALSE,870,5.065999985,FALSE,1008,7.785000086
"34","545233232","Inaccurate","Inaccurate",25,"Male","Science","Upper s",2,1.2,0.5,4,4,4,-0.5,0,0,1,1,0,0,1,0,-0.370320029571751,FALSE,757,23.54500008,FALSE,500,26.06500006,FALSE,1744,11.51600003,FALSE,1353,24.63300014,FALSE,414,3.328999996,FALSE,393,8.703000069,FALSE,229,9.27699995,FALSE,351,22.91100001,FALSE,662,8.570999861,FALSE,865,15.50899982,FALSE,870,10.47600007,FALSE,1008,7.976999998
"35","550879957","Control","Control",31,"Female","Service","Post-se",1,5,0.5,4,4,4,0.5,0.5,-1,0,1,1,0,0,1,-0.370320029571751,NA,149,7.128000021,NA,143,7.368000031,NA,130,3.720000029,NA,105,2.986999989,NA,133,2.796000004,NA,74,0.547999859,NA,66,3.472999811,NA,70,1.819999933,NA,429,0.886000156,NA,255,54.80800009,NA,276,1.882999897,NA,248,1.799000025
"36","564779462","Mixed","Mixed",21,"Female",NA,"Upper s",1.75,2,0.666666666666667,4,4,4,0,0.5,0,1,0,0,1,1,1,0.299185108637064,FALSE,757,48.21600008,TRUE,816,40.85800004,FALSE,1744,32.21700001,TRUE,435,11.55800009,FALSE,414,13.93400002,TRUE,322,13.61299992,FALSE,229,7.070000172,TRUE,434,5.365999937,TRUE,463,6.215999842,TRUE,794,213.888,FALSE,870,189.2079999,FALSE,1008,18.19099998
"37","570261009","Accurate","Accurate",NA,NA,NA,NA,NA,NA,0,1,0,0,NA,NA,NA,0,NA,NA,NA,NA,NA,-2.3788354441982,NA,593,NA,NA,816,NA,NA,719,NA,NA,435,NA,TRUE,434,12.625,TRUE,322,200.6989999,NA,366,NA,TRUE,434,105.1399999,NA,463,NA,NA,794,NA,NA,708,NA,NA,574,NA
"38","580457104","Accurate","Accurate",18,"Female",NA,"Primary",3.5,5.6,0.833333333333333,4,4,4,0,0,0,1,1,1,0,1,1,0.96869024684588,TRUE,593,5.730999947,TRUE,816,2.358999968,TRUE,719,2.346999884,TRUE,435,14.44700003,TRUE,434,5.839999914,TRUE,322,22.39300013,TRUE,366,88.70000005,TRUE,434,3.129999876,TRUE,463,19.08899999,TRUE,794,5.237999916,TRUE,708,4.970000029,TRUE,574,4.055000067
"39","587311832","Control","Control",21,"Female","Service","Post-se",2.5,4.4,0.333333333333333,4,4,4,0,0,0,1,0,1,0,0,0,-1.03982516778057,NA,149,8.605000019,NA,143,4.328999996,NA,130,7.273999929,NA,105,110.677,NA,133,1.288000107,NA,74,5.742000103,NA,66,4.801000118,NA,70,4.003999949,NA,429,2.39199996,NA,255,4.227999926,NA,276,6.585999966,NA,248,3.290999889
"40","604966233","Mixed","Mixed",43,"Female","Service","Upper s",3,1.8,0.5,4,4,4,0,0,-0.5,1,0,1,0,0,1,-0.370320029571751,FALSE,757,24.88300014,TRUE,816,42.39600015,FALSE,1744,64.21799994,TRUE,435,27.14299989,FALSE,414,21.26699996,TRUE,322,88.00999999,FALSE,229,12.05999994,TRUE,434,53.421,TRUE,463,14.61299992,TRUE,794,26.08899999,FALSE,870,26.55299997,FALSE,1008,24.59299994
"41","612810712","Control","Control",18,"Female","Enginee","Short-c",3,4,0.5,4,4,4,0.5,0.5,0,1,0,1,0,1,0,-0.370320029571751,NA,149,1.460000038,NA,143,0.746999979,NA,130,4.075000048,NA,105,0.882000208,NA,133,0.52699995,NA,74,0.704999924,NA,66,1.116000175,NA,70,3.371000051,NA,429,1.381000042,NA,255,3.595999956,NA,276,5.322000027,NA,248,1.319000006
"42","615850171","Inaccurate","Inaccurate",18,"Female",NA,"Post-se",2,5.6,0.333333333333333,4,4,4,0.5,1,0,1,0,1,0,0,0,-1.03982516778057,FALSE,757,15.579,FALSE,500,8.789000034,FALSE,1744,18.56299996,FALSE,1353,15.47000003,FALSE,414,5.11500001,FALSE,393,10.66899991,FALSE,229,55.94900012,FALSE,351,23.36000013,FALSE,662,3.264000177,FALSE,865,7.247999907,FALSE,870,2.909000158,FALSE,1008,3.529000044
"43","619586979","Control","Control",19,"Male",NA,"Upper s",2.5,6,0.333333333333333,4,4,4,0,0,0,0,1,0,0,1,0,-1.03982516778057,NA,149,0.739000082,NA,143,0.018999815,NA,130,1.993000031,NA,105,6.513999939,NA,133,2.638000011,NA,74,0.434000015,NA,66,0.546999931,NA,70,0.275000095,NA,429,0.478999853,NA,255,0.762000084,NA,276,4.679000139,NA,248,0.270999908
"44","631913191","Accurate","Accurate",25,"Female","Humanit",NA,3.25,3.6,0.5,2,4,4,-0.5,0,0,1,0,1,0,0,1,-0.370320029571751,TRUE,593,7.503000021,TRUE,816,2.837999821,TRUE,719,9.450999975,TRUE,435,6.52699995,TRUE,434,8.940999985,TRUE,322,3.375,TRUE,366,21.92000008,TRUE,434,40.21899986,TRUE,463,8.814999819,TRUE,794,7.118000031,TRUE,708,12.50300002,TRUE,574,14.75300002
"45","640767440","Accurate","Accurate",32,"Female",NA,NA,3,6.2,0.333333333333333,4,3,1,0,0.5,NA,1,0,1,0,0,0,-1.03982516778057,NA,593,NA,TRUE,816,181.5070002,TRUE,719,148.9259999,TRUE,435,32.55800009,TRUE,434,33.40899992,TRUE,322,11.84700012,TRUE,366,28.77699995,TRUE,434,11.796,NA,463,NA,TRUE,794,83.49600005,NA,708,NA,NA,574,NA
"46","641661485","Inaccurate","Inaccurate",24,"Male",NA,"Upper s",2,0.6,0.333333333333333,4,4,4,-1,0,0.5,1,0,0,1,0,0,-1.03982516778057,FALSE,757,4.989000082,FALSE,500,147.9599998,FALSE,1744,5.247999907,FALSE,1353,340.6960001,FALSE,414,15.44000006,FALSE,393,20.51300001,FALSE,229,232.237,FALSE,351,214.799,FALSE,662,16.09599996,FALSE,865,3.400000095,FALSE,870,20.57299995,FALSE,1008,17.96199989
"47","652712683","Accurate","Accurate",NA,NA,"General","Post-se",NA,NA,0.666666666666667,4,4,4,0,0.5,0,1,1,1,0,0,1,0.299185108637064,TRUE,593,6.301000118,TRUE,816,15.79199982,TRUE,719,30.92000008,TRUE,435,32.12899995,TRUE,434,12.40300012,TRUE,322,12.86299992,TRUE,366,17.66100001,TRUE,434,2.329999924,TRUE,463,5.174000025,TRUE,794,2.740999937,TRUE,708,16.99300003,TRUE,574,20.98900008
"48","656678148","Control","Control",21,"Male","Agricul","Upper s",3,8.2,0.666666666666667,4,4,4,0,0.5,0,1,0,1,1,1,0,0.299185108637064,NA,149,0.760999918,NA,143,4.836000204,NA,130,1.434999943,NA,105,0.976999998,NA,133,0.53399992,NA,74,0.518999815,NA,66,0.65899992,NA,70,2.703999996,NA,429,0.934000015,NA,255,4.016000032,NA,276,2.79399991,NA,248,1.169999838
"49","718937965","Control","Control",20,"Female",NA,"Upper s",2.5,5.2,0.833333333333333,4,4,4,0,0,-0.5,1,1,1,1,0,1,0.96869024684588,NA,149,4.365999937,NA,143,1.02699995,NA,130,0.542000055,NA,105,0.89199996,NA,133,0.702000141,NA,74,0.940999985,NA,66,6.57799983,NA,70,5.019000053,NA,429,4.516000032,NA,255,0.798000097,NA,276,2.765000105,NA,248,0.723999977
"50","746476011","Mixed","Mixed",21,"Female",NA,"Post-se",3.75,6.6,0.5,0,4,4,NA,-0.5,0.5,NA,0,0,NA,1,1,-0.370320029571751,FALSE,757,28.204,TRUE,816,25.43999982,FALSE,1744,15.20599985,TRUE,435,3.147000074,NA,414,NA,NA,322,NA,NA,229,NA,NA,434,NA,TRUE,463,6.49000001,TRUE,794,6.0849998,FALSE,870,6.292999983,FALSE,1008,6.670000076
"51","747770820","Mixed","Mixed",28,"Female",NA,"Post-se",2.5,6,0.666666666666667,4,4,4,0,0.5,0,0,1,1,1,0,1,0.299185108637064,FALSE,757,35.47899985,TRUE,816,15.81900001,FALSE,1744,19.55900002,TRUE,435,8.219000101,FALSE,414,10.13199997,TRUE,322,19.59699988,FALSE,229,10.40199995,TRUE,434,9.648999929,TRUE,463,3.261000156,TRUE,794,6.388999939,FALSE,870,12.61100006,FALSE,1008,9.814999819
"52","756131958","Mixed","Mixed",22,"Male",NA,"Primary",3.75,7,0.75,4,4,4,0,NA,0,1,NA,1,0,NA,1,0.633937677741472,FALSE,757,20.62899995,TRUE,816,15.90300012,FALSE,1744,4.611000061,TRUE,435,2.734999895,FALSE,414,1.786999941,TRUE,322,1.463999987,FALSE,229,4.698999882,TRUE,434,0.144000053,TRUE,463,2.945999861,TRUE,794,10.0309999,FALSE,870,3.746999979,FALSE,1008,3.451999903
"53","758882380","Control","Control",21,"Male","Enginee",NA,3.75,5.8,0.833333333333333,4,4,4,0,0,0,1,1,1,0,1,1,0.96869024684588,NA,149,9.161000013,NA,143,1.707000017,NA,130,0.576999903,NA,105,1.450999975,NA,133,40.59599996,NA,74,0.769000053,NA,66,0.825000048,NA,70,5.552999973,NA,429,24.54299998,NA,255,1.280999899,NA,276,39.16400003,NA,248,1.245000124
"54","765227501","Accurate","Accurate",39,"Female",NA,"Post-se",2.5,3,0.2,4,4,4,0,NA,1,1,0,0,0,NA,0,-1.57542927834762,TRUE,593,7.713000059,TRUE,816,24.93799996,TRUE,719,10.92499995,TRUE,435,5.557999849,TRUE,434,13.16799998,TRUE,322,6.676000118,TRUE,366,4.022000074,TRUE,434,2.713000059,TRUE,463,10.72099996,TRUE,794,5.046999931,TRUE,708,8.520999908,TRUE,574,8.386000156
"55","770324719","Inaccurate","Inaccurate",19,"Male",NA,"Upper s",2,2.4,0.666666666666667,4,1,4,-0.5,0,0,1,1,1,0,1,0,0.299185108637064,FALSE,757,98.57599998,FALSE,500,157.6000001,NA,1744,NA,NA,1353,NA,FALSE,414,13.773,FALSE,393,11.12400007,FALSE,229,34.48300004,FALSE,351,137.398,FALSE,662,94.55800009,FALSE,865,27.45500016,FALSE,870,31.50200009,FALSE,1008,49.00600004
"56","777551760","Control","Control",20,"Female","Educati","Upper s",2.25,6.8,0.5,4,4,4,0,0,0,1,0,1,0,0,1,-0.370320029571751,NA,149,4.946000099,NA,143,4.332000017,NA,130,3.473999977,NA,105,6.358999968,NA,133,0.898000002,NA,74,0.580000162,NA,66,4.180000067,NA,70,1.633000135,NA,429,1.388999939,NA,255,3.019999981,NA,276,0.559999943,NA,248,0.447000027
"57","799260121","Inaccurate","Inaccurate",18,"Female","Science","Upper s",2.25,6.2,0.833333333333333,4,3,4,0,0,0,1,1,1,1,1,0,0.96869024684588,FALSE,757,22.4460001,FALSE,500,9.423000097,FALSE,1744,6.703000069,FALSE,1353,16.56299996,FALSE,414,5.97300005,FALSE,393,4.175000191,FALSE,229,8.51699996,FALSE,351,9.322000027,FALSE,662,29.06399989,FALSE,865,6.253999949,FALSE,870,18.93300009,FALSE,1008,4.893000126
"58","805296976","Mixed","Mixed",19,"Female","Science",NA,NA,NA,0.5,4,4,4,0,0.5,0,1,0,1,0,0,1,-0.370320029571751,FALSE,757,13.73399997,TRUE,816,19.63899994,FALSE,1744,71.64400005,TRUE,435,6.319999933,FALSE,414,3.822999954,TRUE,322,12.86199999,FALSE,229,25.50699997,TRUE,434,10.30699992,TRUE,463,3.178999901,TRUE,794,8.41899991,FALSE,870,1.894999981,FALSE,1008,2.273000002
"59","811109495","Inaccurate","Inaccurate",52,"Female","Humanit","Post-se",2,0.6,0.5,4,4,4,0,0,0,1,1,1,0,0,0,-0.370320029571751,FALSE,757,15.93200016,FALSE,500,13.5309999,FALSE,1744,11.9059999,FALSE,1353,10.44700003,FALSE,414,16.80299997,FALSE,393,17.22799993,FALSE,229,12.76799989,FALSE,351,12.64999986,FALSE,662,7.445999861,FALSE,865,22.99399996,FALSE,870,16.74799991,FALSE,1008,3.648000002
"60","812851013","Inaccurate","Inaccurate",18,"Female",NA,"Short-c",NA,NA,0.833333333333333,4,4,4,0.5,0,NA,0,1,1,1,1,1,0.96869024684588,FALSE,757,12.51999998,FALSE,500,2.243000031,FALSE,1744,5.967999935,FALSE,1353,5.414000034,FALSE,414,1.875,FALSE,393,1.825000048,FALSE,229,5.757999897,FALSE,351,12.3039999,FALSE,662,7.357000113,FALSE,865,10.63600016,FALSE,870,2.465000153,FALSE,1008,5.444000006
"61","829407208","Accurate","Accurate",19,"Male","Enginee","Upper s",3,7,0.833333333333333,4,4,4,0,-0.5,0,1,1,1,1,1,0,0.96869024684588,TRUE,593,15.32799983,TRUE,816,16.78399992,TRUE,719,7.518000126,TRUE,435,8.394000053,TRUE,434,4.224999905,TRUE,322,2.85800004,TRUE,366,29.95799994,TRUE,434,7.026000023,TRUE,463,5.480999947,TRUE,794,6.351999998,TRUE,708,9.451999903,TRUE,574,12.4690001
"62","851004811","Inaccurate","Inaccurate",23,"Male","Humanit","Post-se",2.25,3,0.666666666666667,4,4,4,0,0,0,1,0,1,1,0,1,0.299185108637064,FALSE,757,9.653000116,FALSE,500,67.20299983,FALSE,1744,33.2019999,FALSE,1353,20.41699982,FALSE,414,38.17599988,FALSE,393,11.69299984,FALSE,229,42.89700007,FALSE,351,60.28299999,FALSE,662,14.95299983,FALSE,865,11.88899994,FALSE,870,12.95900011,FALSE,1008,11.58500004
"63","903388158","Inaccurate",NA,NA,NA,NA,NA,NA,NA,1,0,0,0,NA,NA,NA,1,NA,NA,1,NA,NA,1.6381953850547,NA,NA,NA,NA,NA,NA,NA,NA,NA,NA,NA,NA,NA,NA,NA,NA,NA,NA,NA,NA,NA,NA,NA,NA,NA,NA,NA,NA,NA,NA,NA,NA,NA,NA,NA,NA
"64","914553717","Mixed","Mixed",19,"Male",NA,"Upper s",2.25,6.2,0.833333333333333,4,4,4,0,0,0,1,1,1,0,1,1,0.96869024684588,FALSE,757,27.24399996,TRUE,816,20.27200007,FALSE,1744,49.68400002,TRUE,435,7.08100009,FALSE,414,58.87899995,TRUE,322,41.89100003,FALSE,229,16.08099985,TRUE,434,9.911000013,TRUE,463,6.042999983,TRUE,794,25.12700009,FALSE,870,45.37099981,FALSE,1008,110.779
"65","915496472","Control","Control",NA,NA,NA,NA,NA,NA,0.5,4,0,0,0,NA,NA,1,NA,NA,0,NA,NA,-0.370320029571751,NA,149,NA,NA,143,NA,NA,130,NA,NA,105,NA,NA,133,1.396000147,NA,74,2.027000189,NA,66,9.38499999,NA,70,1.508999825,NA,429,NA,NA,255,NA,NA,276,NA,NA,248,NA
"66","919322410","Inaccurate","Inaccurate",NA,NA,NA,NA,NA,NA,0.5,3,0,4,-0.5,NA,-0.5,1,0,1,0,0,1,-0.370320029571751,NA,757,NA,NA,500,NA,NA,1744,NA,NA,1353,NA,FALSE,414,4.604000092,FALSE,393,58.09200001,FALSE,229,11.02400017,FALSE,351,18.77400017,FALSE,662,2.674000025,FALSE,865,8.322999954,FALSE,870,5.819999933,FALSE,1008,7.001999855
"67","938223337","Accurate","Accurate",18,"Male","Service","Upper s",NA,NA,0.5,4,4,4,0,NA,1,1,1,0,0,1,0,-0.370320029571751,TRUE,593,3.051000118,TRUE,816,13.95700002,TRUE,719,3.467999935,TRUE,435,7.115999937,TRUE,434,5.236000061,TRUE,322,1.870000124,TRUE,366,2.305000067,TRUE,434,2.506000042,TRUE,463,3.63499999,TRUE,794,7.741000175,TRUE,708,8.51699996,TRUE,574,7.692000151
"68","945448871","Inaccurate","Inaccurate",18,"Male","Science","Post-se",2.5,2.4,0.333333333333333,4,4,4,0,0,0.5,1,1,0,0,0,0,-1.03982516778057,FALSE,757,119.1889999,FALSE,500,247.572,FALSE,1744,158.2159998,FALSE,1353,10.7190001,FALSE,414,198.7849998,FALSE,393,506.678,FALSE,229,44.10699987,FALSE,351,77.67800021,FALSE,662,23.98200011,FALSE,865,13.61699986,FALSE,870,32.46600008,FALSE,1008,11.47399998
"69","949769612","Control","Control",NA,NA,"Service","Upper s",NA,NA,0.666666666666667,4,3,4,0,0,0,1,0,1,1,1,0,0.299185108637064,NA,149,0.91899991,NA,143,0.653000116,NA,130,NA,NA,105,1.042999983,NA,133,1.457999945,NA,74,8.960000038,NA,66,3.948999882,NA,70,1.664999962,NA,429,7.582999945,NA,255,1.388000011,NA,276,2.004999876,NA,248,1.684000015
"70","982127945","Inaccurate","Inaccurate",NA,NA,NA,NA,NA,NA,1,4,0,0,NA,NA,NA,NA,1,NA,NA,1,NA,1.6381953850547,NA,757,NA,NA,500,NA,NA,1744,NA,NA,1353,NA,FALSE,414,6.736999989,FALSE,393,23.70299983,FALSE,229,18.4690001,FALSE,351,34.46399999,NA,662,NA,NA,865,NA,NA,870,NA,NA,1008,NA
"71","998916787","Accurate","Accurate",NA,NA,NA,NA,NA,NA,0.5,0,4,4,NA,-0.5,0,1,1,0,0,1,0,-0.370320029571751,TRUE,593,5.151000023,TRUE,816,10.12800002,TRUE,719,12.05299997,TRUE,435,16.82999992,NA,434,NA,NA,322,NA,NA,366,NA,NA,434,NA,TRUE,463,2.06400013,TRUE,794,6.60800004,TRUE,708,5.558000088,TRUE,574,9.822000027
"72","999855561","Control","Control",19,"Male",NA,"Upper s",2.25,7.8,0.833333333333333,4,4,4,0,0,NA,1,1,1,0,1,1,0.96869024684588,NA,149,0.799999952,NA,143,7.472000122,NA,130,2.721000195,NA,105,10.01900005,NA,133,1.679000139,NA,74,2.106000185,NA,66,6.016000032,NA,70,0.980000019,NA,429,3.661000013,NA,255,7.106999874,NA,276,1.279999971,NA,248,3.756000042
"73","1013782598","Inaccurate","Inaccurate",18,"Female",NA,"Upper s",2.75,2.6,0.25,4,4,4,0,0,NA,1,0,NA,0,0,NA,-1.37457773688497,FALSE,757,1.973999977,FALSE,500,3.037999868,FALSE,1744,2.488999844,FALSE,1353,5.989000082,FALSE,414,5.387000084,FALSE,393,5.484999895,FALSE,229,2.25,FALSE,351,3.954999924,FALSE,662,10.02200007,FALSE,865,10.72800016,FALSE,870,4.278000116,FALSE,1008,7.886000156
"74","1042266561","Control",NA,NA,NA,NA,NA,NA,NA,1,0,0,0,NA,NA,NA,1,NA,NA,1,NA,NA,1.6381953850547,NA,NA,NA,NA,NA,NA,NA,NA,NA,NA,NA,NA,NA,NA,NA,NA,NA,NA,NA,NA,NA,NA,NA,NA,NA,NA,NA,NA,NA,NA,NA,NA,NA,NA,NA,NA
"75","1043277881","Mixed","Mixed",30,"Male","Science","Upper s",3,4.8,0.833333333333333,4,4,4,0,-0.5,-0.5,1,1,1,0,1,1,0.96869024684588,FALSE,757,41.57200003,TRUE,816,128.8170002,FALSE,1744,64.93700004,TRUE,435,32.16600013,FALSE,414,41.09500003,TRUE,322,49.61100006,FALSE,229,100.3409998,TRUE,434,44.20600009,TRUE,463,53.1639998,TRUE,794,19.87600017,FALSE,870,11.49499989,FALSE,1008,36.78500009
"76","1076004349","Accurate","Accurate",19,"Female","Educati","Upper s",3.5,7.2,0.833333333333333,4,4,4,0,0,NA,1,1,1,1,1,0,0.96869024684588,TRUE,593,5.541000128,TRUE,816,17.15499997,TRUE,719,44.58800006,TRUE,435,2.47300005,TRUE,434,4.618999958,TRUE,322,14.65399981,TRUE,366,2.601999998,TRUE,434,21.07599998,TRUE,463,3.279999971,TRUE,794,6.884000063,TRUE,708,8.769000053,TRUE,574,5.950999975
"77","1086220187","Mixed","Mixed",NA,NA,NA,NA,NA,NA,0.5,4,2,4,-1,0,-0.5,1,0,1,1,0,0,-0.370320029571751,NA,757,NA,NA,816,NA,FALSE,1744,17.55200005,TRUE,435,12.29900002,FALSE,414,10.05000019,TRUE,322,13.61899996,FALSE,229,12.18499994,TRUE,434,9.745000124,TRUE,463,13.12399983,TRUE,794,7.792999983,FALSE,870,9.825000048,FALSE,1008,28.65699983
"78","1122312995","Inaccurate","Inaccurate",18,"Female",NA,"Upper s",3.25,3,0.833333333333333,4,4,4,-0.5,0,NA,1,0,1,1,1,1,0.96869024684588,FALSE,757,7.180000067,FALSE,500,2.662999868,FALSE,1744,11.43000007,FALSE,1353,12.46499991,FALSE,414,7.737999916,FALSE,393,3.617000103,FALSE,229,2.84100008,FALSE,351,6.052999973,FALSE,662,100.5970001,FALSE,865,23.41900015,FALSE,870,55.023,FALSE,1008,46.06799984
"79","1122508067","Mixed","Mixed",NA,NA,NA,NA,NA,NA,1,4,0,0,NA,NA,NA,1,NA,NA,1,NA,NA,1.6381953850547,NA,757,NA,NA,816,NA,NA,1744,NA,NA,435,NA,FALSE,414,67.3440001,TRUE,322,4.182999849,FALSE,229,77.398,TRUE,434,9.347999811,NA,463,NA,NA,794,NA,NA,870,NA,NA,1008,NA
"80","1124974029","Inaccurate","Inaccurate",50,"Male","General","Post-se",NA,NA,0.666666666666667,4,2,4,0.5,NA,NA,1,1,0,0,1,1,0.299185108637064,NA,757,NA,NA,500,NA,FALSE,1744,6.625999928,FALSE,1353,63.96799994,FALSE,414,5.327000141,FALSE,393,4.136000156,FALSE,229,22.60500002,FALSE,351,9.322999954,FALSE,662,6.953999996,FALSE,865,5.378999949,FALSE,870,10.4230001,FALSE,1008,2.121999979
"81","1130664389","Control","Control",20,"Male","Humanit","Upper s",3,3.6,0.833333333333333,4,4,4,0,-1,0,1,1,1,0,1,1,0.96869024684588,NA,149,2.053999901,NA,143,1.469000101,NA,130,8.306999922,NA,105,0.969000101,NA,133,1.212000132,NA,74,2.559999943,NA,66,1.388999939,NA,70,6.164999962,NA,429,3.111999989,NA,255,0.65500021,NA,276,1.56400013,NA,248,1.493000031
"82","1156004175","Inaccurate","Inaccurate",37,"Male","Service","Upper s",3.5,7,0.25,4,4,4,0.5,0.5,NA,1,0,NA,0,0,NA,-1.37457773688497,FALSE,757,14.21799994,FALSE,500,45.5059998,FALSE,1744,61.75900006,FALSE,1353,9.197000027,FALSE,414,20.90799999,FALSE,393,123.1720002,FALSE,229,44.34699988,FALSE,351,180.043,FALSE,662,215.8180001,FALSE,865,8.180999994,FALSE,870,9.090000153,FALSE,1008,48.02600002
"83","1161416067","Inaccurate","Inaccurate",NA,NA,NA,NA,NA,NA,0.5,4,4,4,0,0,0,1,0,1,0,0,1,-0.370320029571751,FALSE,757,12.17799997,FALSE,500,28.92400002,FALSE,1744,30.90199995,FALSE,1353,22.43799996,FALSE,414,214.881,FALSE,393,159.7250001,FALSE,229,91.50500011,FALSE,351,130.0369999,FALSE,662,64.73799992,FALSE,865,16.05600023,FALSE,870,21.727,FALSE,1008,137.335
"84","1166604890","Accurate","Accurate",21,NA,"Science",NA,2.25,5,0.666666666666667,4,4,4,0,0,0,1,1,1,0,1,0,0.299185108637064,TRUE,593,6.529999971,TRUE,816,22.10899997,TRUE,719,11.21299982,TRUE,435,10.43299985,TRUE,434,2.822000027,TRUE,322,6.277000189,TRUE,366,1.830999851,TRUE,434,2.953999996,TRUE,463,6.722000122,TRUE,794,11.34800005,TRUE,708,4.803999901,TRUE,574,3.804000139
"85","1181266197","Accurate","Accurate",21,"Female",NA,"Post-se",1.5,3.8,0.5,2,4,4,0,0,0,0,1,1,1,0,0,-0.370320029571751,TRUE,593,4.580999851,TRUE,816,22.49900007,TRUE,719,7.302999973,TRUE,435,7.296000004,TRUE,434,5.74000001,NA,322,NA,NA,366,NA,TRUE,434,10.98899984,TRUE,463,2.486999989,TRUE,794,7.141000032,TRUE,708,6.580000162,TRUE,574,4.807999849
"86","1219678745","Accurate","Accurate",24,"Female",NA,"Primary",3.75,6.8,0.333333333333333,4,4,4,0,1,-0.5,0,0,1,0,0,1,-1.03982516778057,TRUE,593,3.811000109,TRUE,816,103.7080002,TRUE,719,11.59300017,TRUE,435,68.46500015,TRUE,434,5.208999872,TRUE,322,8.457999945,TRUE,366,6.335999966,TRUE,434,11.81799984,TRUE,463,6.588000059,TRUE,794,7.782000065,TRUE,708,6.066999912,TRUE,574,6.740999937
"87","1222506992","Control","Control",22,"Female",NA,NA,2.5,8.4,0.833333333333333,4,4,4,0,0,0.5,1,1,1,1,1,0,0.96869024684588,NA,149,0.245000124,NA,143,1.171999931,NA,130,4.210000038,NA,105,1.751000166,NA,133,0.902999878,NA,74,1.063999891,NA,66,0.781000137,NA,70,3.299999952,NA,429,0.809999943,NA,255,1.300000191,NA,276,5.221000195,NA,248,1.649999857
"88","1227556986","Mixed","Mixed",47,"Female",NA,"Upper s",2.75,4,0.2,4,4,4,NA,0,-0.5,NA,0,0,0,0,1,-1.57542927834762,FALSE,757,43.65499997,TRUE,816,71.29199982,FALSE,1744,37.27600002,TRUE,435,24.50100017,FALSE,414,39.921,TRUE,322,17.79900002,FALSE,229,38.66799998,TRUE,434,86.86800003,TRUE,463,10.43599987,TRUE,794,26.10399985,FALSE,870,14.15299988,FALSE,1008,33.56200004
"89","1230566277","Inaccurate","Inaccurate",25,"Male",NA,"Upper s",1,6.2,0.333333333333333,4,4,4,0,0.5,0.5,1,0,1,0,0,0,-1.03982516778057,FALSE,757,351.155,FALSE,500,142.5440001,FALSE,1744,427.6860001,FALSE,1353,466.431,FALSE,414,39.11099982,FALSE,393,9.593000174,FALSE,229,33.33300018,FALSE,351,5.894000053,FALSE,662,87.16000009,FALSE,865,45.898,FALSE,870,87.42400002,FALSE,1008,36.62299991
"90","1231887590","Control","Control",NA,NA,"Enginee",NA,NA,NA,0.833333333333333,4,4,4,-0.5,0.5,0,1,1,1,1,0,1,0.96869024684588,NA,149,0.690000057,NA,143,1.03399992,NA,130,0.358999968,NA,105,6.220999956,NA,133,4.972000122,NA,74,0.545000076,NA,66,0.725999832,NA,70,0.702000141,NA,429,0.019999981,NA,255,0.779999971,NA,276,4.71600008,NA,248,0.259000063
"91","1237274354","Mixed","Mixed",23,"Female","Science","Upper s",2.25,3.2,0.333333333333333,4,4,2,0,0,0.5,1,0,1,0,0,0,-1.03982516778057,FALSE,757,439.691,TRUE,816,639.325,FALSE,1744,1264.26,TRUE,435,252.164,FALSE,414,517.4650002,TRUE,322,221.2409999,FALSE,229,136.803,TRUE,434,17.53400016,TRUE,463,26.93000007,TRUE,794,110.767,FALSE,870,393.152,FALSE,1008,285.1210001
"92","1241064907","Mixed",NA,NA,NA,NA,NA,NA,NA,1,0,0,0,NA,NA,NA,1,NA,NA,NA,NA,NA,1.6381953850547,NA,NA,NA,NA,NA,NA,NA,NA,NA,NA,NA,NA,NA,NA,NA,NA,NA,NA,NA,NA,NA,NA,NA,NA,NA,NA,NA,NA,NA,NA,NA,NA,NA,NA,NA,NA
"93","1242665562","Control","Control",27,"Female",NA,NA,4,6.6,0.666666666666667,4,1,4,0,0,0.5,1,1,0,0,1,1,0.299185108637064,NA,149,NA,NA,143,3.628000021,NA,130,NA,NA,105,NA,NA,133,2.069000006,NA,74,14.01600003,NA,66,4.486999989,NA,70,2.218999863,NA,429,2.480999947,NA,255,3.027999878,NA,276,44.31200004,NA,248,24.28700018
"94","1253134314","Inaccurate","Inaccurate",37,"Male","Science","Lower s",3,7,0.5,4,2,4,0,-0.5,0.5,1,0,1,0,1,0,-0.370320029571751,FALSE,757,206.1379998,NA,500,NA,FALSE,1744,240.0710001,NA,1353,NA,FALSE,414,21.61000013,FALSE,393,106.5120001,FALSE,229,13.12000012,FALSE,351,34.00100017,FALSE,662,82.69499993,FALSE,865,26.477,FALSE,870,57.273,FALSE,1008,36.15799999
"95","1288720319","Control","Control",23,"Male","Science","Post-se",4,8.4,0.666666666666667,4,4,4,0,0,0,1,1,1,0,0,1,0.299185108637064,NA,149,1.164000034,NA,143,4.609999895,NA,130,1.226999998,NA,105,1.257999897,NA,133,5.882999897,NA,74,0.924000025,NA,66,2.608999968,NA,70,1.664999962,NA,429,4.263999939,NA,255,1.092000008,NA,276,1.19900012,NA,248,0.822999954
"96","1299962511","Control","Control",40,"Male","Science",NA,3,7.4,0.5,4,4,4,0,0,0,1,0,1,0,0,1,-0.370320029571751,NA,149,6.46600008,NA,143,1.618000031,NA,130,1.049999952,NA,105,1.299000025,NA,133,6.736000061,NA,74,10.5059998,NA,66,3.559999943,NA,70,3.64199996,NA,429,1.017000198,NA,255,2.012999773,NA,276,3.462999821,NA,248,0.884000063
"97","1307269878","Control","Control",20,"Male",NA,"Post-se",2.5,3.2,0.333333333333333,4,4,4,-0.5,0,0.5,0,0,1,1,0,0,-1.03982516778057,NA,149,0.426999807,NA,143,2.775000095,NA,130,0.619999886,NA,105,0.987999916,NA,133,0.916000128,NA,74,3.93599987,NA,66,1.970999956,NA,70,1.384000063,NA,429,0.625,NA,255,2.098999977,NA,276,3.741000175,NA,248,1.823999882
"98","1312179604","Inaccurate","Inaccurate",23,"Male","Humanit","Post-se",3,4.8,0.333333333333333,4,4,4,0,0,0.5,1,0,1,0,0,0,-1.03982516778057,FALSE,757,86.9059999,FALSE,500,46.25199986,FALSE,1744,93.3579998,FALSE,1353,37.51999998,FALSE,414,20.01999998,FALSE,393,64.05999994,FALSE,229,23.75099993,FALSE,351,56.17499995,FALSE,662,11.2750001,FALSE,865,16.28200006,FALSE,870,10.76999998,FALSE,1008,12.21300006
"99","1343642633","Inaccurate","Inaccurate",21,"Female",NA,"Upper s",NA,NA,0.5,4,4,4,0,-0.5,0,1,0,0,0,1,1,-0.370320029571751,FALSE,757,24.87399983,FALSE,500,3.807999849,FALSE,1744,7.388000011,FALSE,1353,10.58500004,FALSE,414,5.559999943,FALSE,393,61.08099985,FALSE,229,1.752000093,FALSE,351,6.02699995,FALSE,662,26.01999998,FALSE,865,17.36199999,FALSE,870,9.625999928,FALSE,1008,12.63300014
"100","1344573487","Inaccurate","Inaccurate",21,"Female",NA,"Upper s",3,6,0.333333333333333,4,4,4,0,0.5,0,1,0,1,0,0,0,-1.03982516778057,FALSE,757,190.48,FALSE,500,19.57299995,FALSE,1744,24.95600009,FALSE,1353,171.9720001,FALSE,414,24.11500001,FALSE,393,9.949999809,FALSE,229,25.53400016,FALSE,351,7.152999878,FALSE,662,18.50500011,FALSE,865,28.48399997,FALSE,870,27.31499982,FALSE,1008,34.06100011
"101","1351064048","Control","Control",NA,NA,NA,NA,NA,NA,0.75,4,0,4,NA,NA,0,1,NA,1,1,NA,0,0.633937677741472,NA,149,NA,NA,143,NA,NA,130,NA,NA,105,NA,NA,133,7.590000153,NA,74,9.921000004,NA,66,4.420000076,NA,70,4.480000019,NA,429,0.782000065,NA,255,2.421999931,NA,276,1.641000032,NA,248,11.171
"102","1379435368","Control","Control",NA,NA,NA,NA,NA,NA,0.5,0,1,4,NA,NA,0,NA,0,0,NA,1,1,-0.370320029571751,NA,149,NA,NA,143,NA,NA,130,NA,NA,105,0.769999981,NA,133,NA,NA,74,NA,NA,66,NA,NA,70,NA,NA,429,4.236000061,NA,255,2.059000015,NA,276,1.148999929,NA,248,7.536999941
"103","1397209499","Inaccurate","Inaccurate",18,"Female","Science","Upper s",NA,NA,0.666666666666667,1,3,4,0,0,-0.5,0,1,1,1,0,1,0.299185108637064,FALSE,757,1.467999935,FALSE,500,3.286000013,FALSE,1744,2.615999937,NA,1353,NA,FALSE,414,4.868000031,NA,393,NA,NA,229,NA,NA,351,NA,FALSE,662,15.25200009,FALSE,865,3.005000114,FALSE,870,4.107999802,FALSE,1008,6.809999943
"104","1425832754","Accurate","Accurate",NA,NA,NA,NA,NA,NA,1,1,0,0,NA,NA,NA,1,NA,NA,NA,NA,NA,1.6381953850547,NA,593,NA,NA,816,NA,NA,719,NA,NA,435,NA,TRUE,434,11.16199994,TRUE,322,5.592999935,TRUE,366,4.063999891,TRUE,434,1.898999929,NA,463,NA,NA,794,NA,NA,708,NA,NA,574,NA
"105","1447346942","Mixed","Mixed",54,"Male","Service","Primary",NA,NA,0.333333333333333,4,4,4,0.5,0,0,0,0,1,0,1,0,-1.03982516778057,FALSE,757,2.187999964,TRUE,816,8.554999828,FALSE,1744,2.745000124,TRUE,435,2.305999994,FALSE,414,5.325999975,TRUE,322,5.029000044,FALSE,229,2.723999977,TRUE,434,1.980000019,TRUE,463,6.432999849,TRUE,794,11.88000011,FALSE,870,3.35800004,FALSE,1008,1.86500001
"106","1497685462","Accurate","Accurate",21,"Female",NA,"Upper s",2.75,3.8,0.333333333333333,4,4,4,0,0,0,1,0,0,0,1,0,-1.03982516778057,TRUE,593,47.90900016,TRUE,816,26.64499998,TRUE,719,37.83999991,TRUE,435,12.8039999,TRUE,434,17.71700001,TRUE,322,15.6559999,TRUE,366,5.400000095,TRUE,434,5.06799984,TRUE,463,3.019999981,TRUE,794,12.86300015,TRUE,708,12.28500009,TRUE,574,8.241000175
"107","1544009501","Inaccurate","Inaccurate",21,"Female","Science","Upper s",2.5,3.6,0.5,4,1,4,0.5,0.5,0,1,0,1,0,1,0,-0.370320029571751,FALSE,757,37.32299995,FALSE,500,173.497,NA,1744,NA,NA,1353,NA,FALSE,414,23.8499999,FALSE,393,28.21499991,FALSE,229,109.3310001,FALSE,351,7.340999842,FALSE,662,12.34500003,FALSE,865,24.12599993,FALSE,870,9.803999901,FALSE,1008,15.63600016
"108","1549605149","Inaccurate","Inaccurate",19,"Male","Enginee",NA,2.75,6.4,0.833333333333333,4,2,4,0,0,0.5,1,1,1,1,1,0,0.96869024684588,NA,757,NA,NA,500,NA,FALSE,1744,40.99300003,FALSE,1353,28.40200019,FALSE,414,47.59800005,FALSE,393,5.679000139,FALSE,229,71.28199983,FALSE,351,10.07500005,FALSE,662,23.15899992,FALSE,865,35.93200016,FALSE,870,8.121999979,FALSE,1008,45.15700006
"109","1559144085","Mixed","Mixed",21,"Male",NA,"Primary",1.75,5.8,1,4,4,4,0,-0.5,0,1,1,1,1,1,1,1.6381953850547,FALSE,757,1.667999983,TRUE,816,5.305999994,FALSE,1744,9.731000185,TRUE,435,6.3349998,FALSE,414,12.92700005,TRUE,322,2.910999775,FALSE,229,26.39999986,TRUE,434,5.504999876,TRUE,463,2.556999922,TRUE,794,7.019999981,FALSE,870,40.54699993,FALSE,1008,10.35600019
"110","1563306690","Accurate","Accurate",20,"Female",NA,"Upper s",2.75,6.6,0.833333333333333,4,4,4,0,0,0,1,1,1,1,0,1,0.96869024684588,TRUE,593,13.32800007,TRUE,816,12.32500005,TRUE,719,5.252000093,TRUE,435,12.96099997,TRUE,434,9.264999866,TRUE,322,26.5940001,TRUE,366,15.17000008,TRUE,434,14.77899981,TRUE,463,4.911000013,TRUE,794,13.85500002,TRUE,708,10.05400014,TRUE,574,11.38900018
"111","1581150327","Inaccurate","Inaccurate",35,"Male",NA,"Upper s",2.75,7.4,1,4,4,4,-0.5,-0.5,0,1,1,1,1,1,1,1.6381953850547,FALSE,757,26.62000012,FALSE,500,61.92400002,FALSE,1744,35.46500015,FALSE,1353,16.08000016,FALSE,414,63.72399998,FALSE,393,21.10700011,FALSE,229,55.01099992,FALSE,351,85.21799994,FALSE,662,15.64599991,FALSE,865,76.10500002,FALSE,870,8.638000011,FALSE,1008,47.40300012
"112","1586446592","Mixed","Mixed",19,"Female",NA,"Post-se",2.75,4.8,0.666666666666667,4,4,4,0,0.5,0,1,0,1,0,1,1,0.299185108637064,FALSE,757,29.76399994,TRUE,816,85.12799978,FALSE,1744,219.263,TRUE,435,12.2579999,FALSE,414,6.81400013,TRUE,322,37.41000009,FALSE,229,5.996000051,TRUE,434,51.73600006,TRUE,463,7.068000078,TRUE,794,10.23300004,FALSE,870,47.19700003,FALSE,1008,13.43099999
"113","1591475375","Inaccurate","Inaccurate",20,"Female",NA,"Upper s",2.75,5.4,0.333333333333333,4,4,4,-0.5,0,0,1,0,1,0,0,0,-1.03982516778057,FALSE,757,34.43900013,FALSE,500,13.44299984,FALSE,1744,21.1500001,FALSE,1353,88.91100001,FALSE,414,7.806999922,FALSE,393,31.07199979,FALSE,229,65.45499992,FALSE,351,25.06599998,FALSE,662,28.15699983,FALSE,865,15.20299983,FALSE,870,11.49899983,FALSE,1008,23.86599994
"114","1592264439","Control","Control",NA,NA,NA,NA,NA,NA,1,0,0,4,NA,NA,0,1,NA,1,1,NA,1,1.6381953850547,NA,149,NA,NA,143,NA,NA,130,NA,NA,105,NA,NA,133,NA,NA,74,NA,NA,66,NA,NA,70,NA,NA,429,5.1650002,NA,255,0.881999969,NA,276,0.747999907,NA,248,1.643999815
"115","1593439491","Control","Control",29,"Male",NA,"Upper s",2.25,3.8,0.5,4,4,4,0.5,0,-0.5,0,1,1,0,0,1,-0.370320029571751,NA,149,1.633000135,NA,143,7.739000082,NA,130,1.625999928,NA,105,6.834000111,NA,133,3.631999969,NA,74,3.694999933,NA,66,9.848999977,NA,70,5.132999897,NA,429,1.525000095,NA,255,6.983999968,NA,276,1.289999962,NA,248,1.376999855
"116","1612187936","Inaccurate","Inaccurate",25,"Female",NA,"Upper s",3,4.2,0.5,4,4,4,0,0,1,1,1,0,0,1,0,-0.370320029571751,FALSE,757,391.5860002,FALSE,500,590.0780001,FALSE,1744,122.984,FALSE,1353,853.5090001,FALSE,414,199.971,FALSE,393,333.7809999,FALSE,229,187.244,FALSE,351,463.8380001,FALSE,662,69.32999992,FALSE,865,32.13599992,FALSE,870,67.49300003,FALSE,1008,31.50600004
"117","1635413004","Inaccurate",NA,NA,NA,NA,NA,NA,NA,1,0,0,0,NA,NA,NA,1,NA,NA,NA,NA,NA,1.6381953850547,NA,NA,NA,NA,NA,NA,NA,NA,NA,NA,NA,NA,NA,NA,NA,NA,NA,NA,NA,NA,NA,NA,NA,NA,NA,NA,NA,NA,NA,NA,NA,NA,NA,NA,NA,NA
"118","1636454737","Accurate","Accurate",19,"Non-bin","Science","Short-c",3,3.4,0.5,4,4,4,0,0,1,1,0,0,1,1,0,-0.370320029571751,TRUE,593,83.17499995,TRUE,816,26.22399998,TRUE,719,76.22799993,TRUE,435,5.426999807,TRUE,434,2.434999943,TRUE,322,8.576999903,TRUE,366,12.45099998,TRUE,434,4.463000059,TRUE,463,4.849999905,TRUE,794,8.766000032,TRUE,708,6.747999907,TRUE,574,12.5309999
"119","1652296938","Accurate","Accurate",19,"Male","General","Upper s",2.75,7.2,0.666666666666667,4,4,4,0,-0.5,0,1,1,1,0,1,0,0.299185108637064,TRUE,593,28.5480001,TRUE,816,3.092999935,TRUE,719,7.820999861,TRUE,435,2.150000095,TRUE,434,3.967000008,TRUE,322,7.572000027,TRUE,366,2.54700017,TRUE,434,2.232000113,TRUE,463,2.003000021,TRUE,794,2.976000071,TRUE,708,5.202000141,TRUE,574,2.153000116
"120","1654447440","Mixed","Mixed",21,"Non-bin","Science","Upper s",NA,NA,0.666666666666667,4,4,4,0,0.5,0.5,1,0,1,1,1,0,0.299185108637064,FALSE,757,10.39599991,TRUE,816,35.06499982,FALSE,1744,20.50899982,TRUE,435,9.075999975,FALSE,414,44.37299991,TRUE,322,5.634000063,FALSE,229,46.71799994,TRUE,434,6.703000069,TRUE,463,4.760999918,TRUE,794,12.42400002,FALSE,870,8.263999939,FALSE,1008,20.00300002
"121","1657668647","Accurate","Accurate",23,"Male",NA,"Primary",1.75,4.2,0.833333333333333,4,4,4,0,-0.5,0,1,1,1,0,1,1,0.96869024684588,TRUE,593,7.794000149,TRUE,816,6.16899991,TRUE,719,6.058000088,TRUE,435,4.823999882,TRUE,434,18.83599997,TRUE,322,172.98,TRUE,366,4.117999792,TRUE,434,11.34800005,TRUE,463,18.66400003,TRUE,794,11.93700004,TRUE,708,97.36899996,TRUE,574,22.704
"122","1662375012","Accurate","Accurate",19,"Male",NA,"Upper s",3.25,6.4,0.833333333333333,4,4,4,-0.5,0.5,0,1,0,1,1,1,1,0.96869024684588,TRUE,593,10.79500008,TRUE,816,42.37199998,TRUE,719,8.229000092,TRUE,435,11.50199986,TRUE,434,2.28399992,TRUE,322,5.760999918,TRUE,366,1.943000078,TRUE,434,3.309999943,TRUE,463,7.315000057,TRUE,794,13.03600001,TRUE,708,5.642999887,TRUE,574,13.67400002
"123","1691311525","Accurate","Accurate",23,"Male","Science","Post-se",3.25,7.8,0.666666666666667,4,4,4,0,0,0.5,1,1,1,0,1,0,0.299185108637064,TRUE,593,107.8079998,TRUE,816,11.1880002,TRUE,719,159.0349998,TRUE,435,49.13899994,TRUE,434,7.114000082,TRUE,322,2.421000004,TRUE,366,2.833999872,TRUE,434,5.678999901,TRUE,463,14.73600006,TRUE,794,7.04399991,TRUE,708,4.944000006,TRUE,574,36.921
"124","1737846413","Mixed","Mixed",20,"Male","Science","Post-se",2.25,6.8,0.833333333333333,4,4,4,-0.5,-0.5,0.5,1,1,1,1,1,0,0.96869024684588,FALSE,757,28.09500003,TRUE,816,24.19099998,FALSE,1744,37.32399988,TRUE,435,10.08800006,FALSE,414,28.61899996,TRUE,322,5.270000219,FALSE,229,57.19499993,TRUE,434,2.938999891,TRUE,463,2.047999859,TRUE,794,4.059000015,FALSE,870,11.61899996,FALSE,1008,9.631999969
"125","1746236534","Inaccurate","Inaccurate",21,"Female",NA,"Upper s",1,6,0.833333333333333,4,4,4,0,0,0,1,1,1,0,1,1,0.96869024684588,FALSE,757,69.53600001,FALSE,500,93.36000013,FALSE,1744,162.9859998,FALSE,1353,116.46,FALSE,414,27.48099995,FALSE,393,14.727,FALSE,229,9.220999956,FALSE,351,6.643000126,FALSE,662,29.58000016,FALSE,865,57.27699995,FALSE,870,82.96899986,FALSE,1008,36.36299992
"126","1746738171","Mixed","Mixed",41,"Female","Science","Primary",3.25,6.2,0.75,4,0,2,0,NA,0,1,NA,1,0,NA,1,0.633937677741472,NA,757,NA,NA,816,NA,NA,1744,NA,NA,435,NA,FALSE,414,3.167000055,TRUE,322,12.58400011,FALSE,229,4.770999908,TRUE,434,12.625,TRUE,463,14.38499999,TRUE,794,3.715999842,FALSE,870,6.753000021,FALSE,1008,12.671
"127","1751388927","Inaccurate","Inaccurate",NA,NA,NA,NA,NA,NA,0.333333333333333,4,1,4,0,NA,0,1,0,0,1,0,0,-1.03982516778057,FALSE,757,26.53900003,FALSE,500,NA,FALSE,1744,3215.694,NA,1353,NA,FALSE,414,27.06099987,FALSE,393,79.65799999,FALSE,229,28.13100004,FALSE,351,34.421,FALSE,662,6.57400012,FALSE,865,19.18499994,FALSE,870,10.49399996,FALSE,1008,10.05499983
"128","1753357313","Inaccurate","Inaccurate",NA,NA,NA,NA,NA,NA,0.5,0,0,0,NA,NA,NA,1,1,NA,0,0,NA,-0.370320029571751,FALSE,757,5.207000017,FALSE,500,30.09200001,NA,1744,NA,NA,1353,NA,NA,414,NA,NA,393,NA,NA,229,NA,NA,351,NA,NA,662,NA,NA,865,NA,NA,870,NA,NA,1008,NA
"129","1760368501","Accurate","Accurate",21,"Female","Science","Upper s",3,6.4,0.666666666666667,3,4,4,0.5,-0.5,0.5,1,1,1,0,1,0,0.299185108637064,TRUE,593,5.115999937,TRUE,816,5.288999796,TRUE,719,10.55900002,TRUE,435,6.881999969,TRUE,434,9.007000208,TRUE,322,150.0210001,TRUE,366,2.698000193,TRUE,434,456.6370001,TRUE,463,9.693000078,TRUE,794,17.97299981,TRUE,708,22.06299996,TRUE,574,17.18099999
"130","1782093924","Inaccurate","Inaccurate",19,"Female",NA,"Short-c",1,5.6,0.666666666666667,4,4,4,0,0,0.5,1,0,1,1,1,0,0.299185108637064,FALSE,757,14.66100001,FALSE,500,26.83599997,FALSE,1744,21.38100004,FALSE,1353,108.3809998,FALSE,414,19.00999999,FALSE,393,39.90200019,FALSE,229,34.49800014,FALSE,351,172.5770001,FALSE,662,97.1880002,FALSE,865,71.46300006,FALSE,870,38.98000002,FALSE,1008,8.809999943
"131","1806679941","Accurate","Accurate",24,"Male",NA,"Short-c",NA,NA,0.833333333333333,4,4,4,0,0,0,1,1,1,1,1,0,0.96869024684588,TRUE,593,4.907000065,TRUE,816,23.49300003,TRUE,719,3.028000116,TRUE,435,5.259000063,TRUE,434,3.309000015,TRUE,322,6.349999905,TRUE,366,7.728000164,TRUE,434,3.759000063,TRUE,463,3.176000118,TRUE,794,6.319000006,TRUE,708,6.730999947,TRUE,574,6.93900013
"132","1820758826","Control","Control",29,"Male","General","Upper s",NA,NA,0.333333333333333,4,4,4,0,0,-0.5,1,0,1,0,0,0,-1.03982516778057,NA,149,2.067000151,NA,143,6.688000202,NA,130,1.655999899,NA,105,1.998999834,NA,133,1.977999926,NA,74,4.813000202,NA,66,2.372999907,NA,70,10.80899978,NA,429,1.84800005,NA,255,8.034000158,NA,276,1.583000183,NA,248,3.601999998
"133","1830008482","Accurate","Accurate",24,"Female","Science","Post-se",4,4,0.333333333333333,4,4,4,0,0,0.5,1,0,1,0,0,0,-1.03982516778057,TRUE,593,49.36899996,TRUE,816,14.29700017,TRUE,719,22.23200011,TRUE,435,3.565999985,TRUE,434,18.68599987,TRUE,322,77.85399985,TRUE,366,124.8399999,TRUE,434,42.85300016,TRUE,463,7.570999861,TRUE,794,39.79099989,TRUE,708,15.60699987,TRUE,574,6.92599988
"134","1837275186","Mixed","Mixed",19,"Female",NA,"Upper s",NA,NA,0.666666666666667,4,4,4,0,0,0,1,1,1,0,1,0,0.299185108637064,FALSE,757,14.77699995,TRUE,816,5.407000065,FALSE,1744,12.91100001,TRUE,435,38.36000013,FALSE,414,8.014000177,TRUE,322,4.256000042,FALSE,229,21.11199999,TRUE,434,9.654999971,TRUE,463,2.240999937,TRUE,794,8.628000021,FALSE,870,5.229999781,FALSE,1008,13.63599992
"135","1847735556","Accurate","Accurate",18,"Female","Science","Upper s",4,6.8,0.833333333333333,4,4,4,0,0,0,1,1,1,1,1,0,0.96869024684588,TRUE,593,7.717999935,TRUE,816,5.358999968,TRUE,719,1.953000069,TRUE,435,11.73200011,TRUE,434,6.580000162,TRUE,322,19.7980001,TRUE,366,5.184999943,TRUE,434,21.58800006,TRUE,463,5.589999914,TRUE,794,4.701999903,TRUE,708,4.926000118,TRUE,574,2.519000053
"136","1850920051","Inaccurate","Inaccurate",21,"Non-bin",NA,"Upper s",1.25,7.6,0.833333333333333,4,4,4,0,0,0,1,1,1,0,1,1,0.96869024684588,FALSE,757,206.928,FALSE,500,175.8940001,FALSE,1744,90.50699997,FALSE,1353,130.1210001,FALSE,414,98.01799989,FALSE,393,25.99000001,FALSE,229,19.954,FALSE,351,39.61100006,FALSE,662,6.815999985,FALSE,865,74.71099997,FALSE,870,22.68099999,FALSE,1008,8.766000032
"137","1857286271","Inaccurate","Inaccurate",33,"Female",NA,"Upper s",1,1.8,0.5,4,4,4,0,1,0,1,0,1,1,0,0,-0.370320029571751,FALSE,757,26.45000005,FALSE,500,30.38900018,FALSE,1744,23.05900002,FALSE,1353,77.25699997,FALSE,414,10.64700007,FALSE,393,16.03699994,FALSE,229,17.03900003,FALSE,351,19.80700016,FALSE,662,32,FALSE,865,43.34500003,FALSE,870,21.61899996,FALSE,1008,34.41100001
"138","1890185913","Accurate","Accurate",36,"Male","Service","Lower s",4,7.6,0.666666666666667,4,4,4,0,0,0.5,1,1,0,0,1,1,0.299185108637064,TRUE,593,43.52399993,TRUE,816,54.84000015,TRUE,719,39.77199984,TRUE,435,29.17799997,TRUE,434,8.891000032,TRUE,322,8.712999821,TRUE,366,93.66799998,TRUE,434,8.276000023,TRUE,463,14.56200004,TRUE,794,17.17199993,TRUE,708,7.66899991,TRUE,574,19.23100019
"139","1920816128","Inaccurate",NA,NA,NA,NA,NA,NA,NA,0,0,0,0,NA,NA,NA,NA,NA,0,NA,NA,0,-2.3788354441982,NA,NA,NA,NA,NA,NA,NA,NA,NA,NA,NA,NA,NA,NA,NA,NA,NA,NA,NA,NA,NA,NA,NA,NA,NA,NA,NA,NA,NA,NA,NA,NA,NA,NA,NA,NA
"140","1931062029","Accurate","Accurate",22,"Female","Science",NA,3.5,4.4,0.833333333333333,4,4,4,0,0,0,1,1,1,1,1,0,0.96869024684588,TRUE,593,12.9000001,TRUE,816,20.91000009,TRUE,719,2.711999893,TRUE,435,3.779000044,TRUE,434,1.361000061,TRUE,322,1.997999907,TRUE,366,5.505000114,TRUE,434,3.771000147,TRUE,463,4.971999884,TRUE,794,3.486000061,TRUE,708,4.377000093,TRUE,574,2.289999962
"141","1936570686","Accurate","Accurate",19,"Female",NA,"Primary",1.25,2.8,0.5,4,4,4,0,-0.5,0.5,1,1,0,0,1,0,-0.370320029571751,TRUE,593,4.726999998,TRUE,816,24.48399997,TRUE,719,8.846999884,TRUE,435,6.196000099,TRUE,434,3.10800004,TRUE,322,3.490999937,TRUE,366,3.325000048,TRUE,434,2.559000015,TRUE,463,2.266000032,TRUE,794,4.944999933,TRUE,708,1.360999823,TRUE,574,1.86500001
"142","1943453954","Mixed","Mixed",21,"Female",NA,NA,3,5.4,0.666666666666667,4,4,4,0,0,0,1,0,1,1,1,0,0.299185108637064,FALSE,757,4.240999937,TRUE,816,6.008000135,FALSE,1744,7.13499999,TRUE,435,6.546999931,FALSE,414,11.45700002,TRUE,322,3.259000063,FALSE,229,19.24099994,TRUE,434,17.60599995,TRUE,463,1.835000038,TRUE,794,3.819999933,FALSE,870,2.81099987,FALSE,1008,7.477999926
"143","1979800886","Inaccurate","Inaccurate",19,"Male",NA,"Short-c",2,5.4,0.666666666666667,4,4,4,0,-0.5,0.5,1,1,1,0,1,0,0.299185108637064,FALSE,757,39.38199997,FALSE,500,168.0609999,FALSE,1744,249.7690001,FALSE,1353,160.6590002,FALSE,414,29.71799994,FALSE,393,25.29300022,FALSE,229,59.21499991,FALSE,351,13.60299993,FALSE,662,178.0580001,FALSE,865,30.81499982,FALSE,870,14.19099998,FALSE,1008,24.43099999
"144","1981119132","Mixed","Mixed",20,"Female","Science","Upper s",1.25,3.4,0.666666666666667,4,4,4,0,0,0,1,1,1,0,1,0,0.299185108637064,FALSE,757,8.228000164,TRUE,816,5.812999964,FALSE,1744,11.71500015,TRUE,435,6.80099988,FALSE,414,38.06500006,TRUE,322,11.18499994,FALSE,229,21.34200001,TRUE,434,7.171000004,TRUE,463,35.20300007,TRUE,794,12.53900003,FALSE,870,15.23000002,FALSE,1008,25.70499992
"145","1994296541","Mixed","Mixed",NA,NA,NA,NA,NA,NA,0.666666666666667,4,0,0,0,NA,NA,0,1,NA,1,NA,NA,0.299185108637064,NA,757,NA,NA,816,NA,NA,1744,NA,NA,435,NA,FALSE,414,12.46499991,TRUE,322,22.41200018,FALSE,229,19.71399999,TRUE,434,14.36100006,NA,463,NA,NA,794,NA,NA,870,NA,NA,1008,NA
"146","2011472718","Inaccurate","Inaccurate",23,"Female",NA,"Post-se",3.75,7.4,0.5,4,4,4,0,0,0,0,1,1,0,1,0,-0.370320029571751,FALSE,757,5.913000107,FALSE,500,8.066999912,FALSE,1744,11.15799999,FALSE,1353,2.722000122,FALSE,414,3.986999989,FALSE,393,3.721999884,FALSE,229,15.06500006,FALSE,351,14.102,FALSE,662,4.65199995,FALSE,865,11.05800009,FALSE,870,15.69700003,FALSE,1008,9.030999899
"147","2017577375","Control","Control",27,"Male","Service","Primary",3,5,0.5,4,4,4,0,0,0.5,1,1,0,0,1,0,-0.370320029571751,NA,149,0.424000025,NA,143,0.720000029,NA,130,0.487999916,NA,105,3.025000095,NA,133,4.874000072,NA,74,0.948000193,NA,66,1.588999987,NA,70,1.156000137,NA,429,5.27699995,NA,255,1.064999819,NA,276,1.683000088,NA,248,1.959000111
"148","2021158069","Inaccurate","Inaccurate",NA,NA,NA,NA,NA,NA,0.166666666666667,4,4,4,0,0,0,1,0,0,0,0,0,-1.70933030598938,FALSE,757,93.06400013,FALSE,500,30.31500006,FALSE,1744,30.5999999,FALSE,1353,42.51900005,FALSE,414,23.09700012,FALSE,393,32.03299999,FALSE,229,26.99399996,FALSE,351,29.31100011,FALSE,662,18.55400014,FALSE,865,38.06299996,FALSE,870,67.25,FALSE,1008,20.24599981
"149","2023285373","Control","Control",43,"Female",NA,"Upper s",4,8,0.166666666666667,4,4,4,0,0,1,1,0,0,0,0,0,-1.70933030598938,NA,149,6.86500001,NA,143,11.70700002,NA,130,3.354000092,NA,105,2.172999859,NA,133,0.977999926,NA,74,1.055000067,NA,66,12.34099984,NA,70,32.73900008,NA,429,9.392999887,NA,255,4.729000092,NA,276,5.709000111,NA,248,1.483999968
"150","2028234540","Control","Control",20,"Male",NA,"Post-se",3,2.6,0.666666666666667,4,4,4,0,0,0.5,1,1,1,0,1,0,0.299185108637064,NA,149,5.850000143,NA,143,1.399999857,NA,130,0.392999887,NA,105,0.398999929,NA,133,1.04700017,NA,74,7.696999788,NA,66,2.568000078,NA,70,1.481999874,NA,429,0.930000067,NA,255,1.237999916,NA,276,1.368000031,NA,248,7.124000072
"151","2080815752","Inaccurate","Inaccurate",NA,NA,NA,NA,NA,NA,0.333333333333333,4,2,4,0.5,NA,-0.5,1,0,1,0,0,0,-1.03982516778057,FALSE,757,5.007999897,NA,500,NA,NA,1744,NA,FALSE,1353,4.809999943,FALSE,414,23.39199996,FALSE,393,13.37099981,FALSE,229,23.00999999,FALSE,351,29.05299997,FALSE,662,2.135999918,FALSE,865,6.073999882,FALSE,870,14.0769999,FALSE,1008,8.126999855
"152","2092162047","Accurate","Accurate",NA,NA,NA,NA,NA,NA,0.5,4,0,0,0,NA,NA,1,NA,NA,0,NA,NA,-0.370320029571751,NA,593,NA,NA,816,NA,NA,719,NA,NA,435,NA,TRUE,434,19.49399996,TRUE,322,16.07399988,TRUE,366,23.83899999,TRUE,434,15.08999991,NA,463,NA,NA,794,NA,NA,708,NA,NA,574,NA
"153","2132993421","Accurate","Accurate",33,"Male",NA,"Upper s",2.5,5,0.333333333333333,4,3,4,0,0,0,1,0,1,0,0,0,-1.03982516778057,TRUE,593,235.0810001,TRUE,816,130.961,TRUE,719,175.596,TRUE,435,94.67200017,TRUE,434,4.357999802,TRUE,322,4.054000139,TRUE,366,7.026000023,TRUE,434,53.07999992,TRUE,463,10.4519999,TRUE,794,98.69699979,TRUE,708,16.4920001,TRUE,574,62.03500009
"154","2160884354","Inaccurate","Inaccurate",22,"Male","Educati","Post-se",1.5,6,0.5,4,4,4,-0.5,0.5,0.5,1,1,1,0,0,0,-0.370320029571751,FALSE,757,20.579,FALSE,500,6.312999964,FALSE,1744,17.48200011,FALSE,1353,27.25900006,FALSE,414,27.06800008,FALSE,393,84.33599997,FALSE,229,97.10500002,FALSE,351,284.3940001,FALSE,662,4.023000002,FALSE,865,30.8440001,FALSE,870,10.2110002,FALSE,1008,39.64199996
"155","2166272042","Accurate","Accurate",18,"Female",NA,"Upper s",2.5,5.2,0.666666666666667,4,4,4,0,0,0,1,1,1,0,1,0,0.299185108637064,TRUE,593,113.6759999,TRUE,816,4.382999897,TRUE,719,2.608999968,TRUE,435,1.868000031,TRUE,434,3.493999958,TRUE,322,4.891000032,TRUE,366,2.857000113,TRUE,434,2.610999823,TRUE,463,4.328000069,TRUE,794,8.124000072,TRUE,708,7.647000074,TRUE,574,2.977999926
"156","2170679724","Inaccurate","Inaccurate",NA,NA,NA,NA,NA,NA,0.75,4,0,4,0,NA,0,1,NA,1,0,NA,1,0.633937677741472,NA,757,NA,NA,500,NA,NA,1744,NA,NA,1353,NA,FALSE,414,4.434999943,FALSE,393,18.08099985,FALSE,229,94.27400017,FALSE,351,32.5079999,FALSE,662,46.68299985,FALSE,865,6.763999939,FALSE,870,9.676999807,FALSE,1008,4.865999937
"157","2231735296","Accurate","Accurate",NA,NA,NA,NA,NA,NA,1,0,0,0,NA,NA,NA,1,NA,NA,NA,NA,NA,1.6381953850547,NA,593,NA,NA,816,NA,NA,719,NA,NA,435,NA,NA,434,NA,NA,322,NA,TRUE,366,NA,NA,434,NA,NA,463,NA,NA,794,NA,NA,708,NA,NA,574,NA
"158","2234844909","Mixed","Mixed",NA,NA,NA,NA,NA,NA,1,0,4,0,NA,0,NA,NA,1,1,NA,1,1,1.6381953850547,FALSE,757,57.40700006,TRUE,816,6.985999823,FALSE,1744,3.244999886,TRUE,435,4.309999943,NA,414,NA,NA,322,NA,NA,229,NA,NA,434,NA,NA,463,NA,NA,794,NA,NA,870,NA,NA,1008,NA
"159","2242211674","Mixed","Mixed",25,"Male","Service","Primary",2.5,2.6,0.333333333333333,3,4,4,0,1,0.5,1,0,1,0,0,0,-1.03982516778057,FALSE,757,62.24100018,TRUE,816,42.86000013,FALSE,1744,131.22,TRUE,435,23.43099999,FALSE,414,23.64199996,TRUE,322,39.34000015,FALSE,229,144.7749999,TRUE,434,21.97600007,TRUE,463,6.318000078,TRUE,794,26.45600009,FALSE,870,7.913999796,FALSE,1008,10.0999999
"160","2262945352","Accurate","Accurate",22,"Male",NA,NA,3.25,5.6,0.666666666666667,4,4,4,0.5,NA,0,0,1,1,0,1,1,0.299185108637064,TRUE,593,36.14599991,TRUE,816,4.235000134,TRUE,719,7.190999985,TRUE,435,4.098999977,TRUE,434,5.838000059,TRUE,322,3.935000181,TRUE,366,6.777999878,TRUE,434,10.36500001,TRUE,463,13.82999992,TRUE,794,3.707000017,TRUE,708,1.99000001,TRUE,574,7.631999969
"161","2286397603","Accurate","Accurate",NA,NA,NA,NA,NA,NA,0.25,0,0,4,NA,NA,-0.5,NA,0,1,NA,0,0,-1.37457773688497,NA,593,NA,NA,816,NA,NA,719,NA,NA,435,NA,NA,434,NA,NA,322,NA,NA,366,NA,NA,434,NA,TRUE,463,11.25,TRUE,794,828.8100002,TRUE,708,88.38100004,TRUE,574,6.272000074
"162","2305473707","Control","Control",21,"Male",NA,"Post-se",3,6.8,0.333333333333333,4,4,4,0,0,0,1,0,1,0,0,0,-1.03982516778057,NA,149,1.131999969,NA,143,0.812000036,NA,130,2.51699996,NA,105,5.052999973,NA,133,5.786000013,NA,74,1.476999998,NA,66,2.532999992,NA,70,1.836999893,NA,429,1.532000065,NA,255,5.876999855,NA,276,1.713999987,NA,248,1.407999992
"163","2333490996","Inaccurate","Inaccurate",38,"Male","Science","Post-se",3,8.2,0.833333333333333,4,4,4,0,0,-0.5,1,1,1,0,1,1,0.96869024684588,FALSE,757,83.89100003,FALSE,500,59.17199993,FALSE,1744,40.92000008,FALSE,1353,30.84200001,FALSE,414,23.19199991,FALSE,393,124.9630001,FALSE,229,7.400999784,FALSE,351,249.9519999,FALSE,662,70.22399998,FALSE,865,33.977,FALSE,870,11.3269999,FALSE,1008,35.2750001
"164","2361318339","Accurate","Accurate",30,"Female",NA,"Upper s",3.25,0.6,0,4,4,4,0.5,0.5,0,0,0,0,0,0,0,-2.3788354441982,TRUE,593,5.897000074,TRUE,816,5.194000006,TRUE,719,1.681999922,TRUE,435,1.914000034,TRUE,434,4.161000013,TRUE,322,5.388000011,TRUE,366,5.417999983,TRUE,434,1.782000065,TRUE,463,4.25999999,TRUE,794,12.85899997,TRUE,708,11.51899981,TRUE,574,8.788000107
"165","2365829186","Mixed","Mixed",NA,NA,NA,NA,NA,NA,0,0,2,0,NA,NA,NA,NA,0,NA,NA,0,NA,-2.3788354441982,NA,757,NA,NA,816,NA,FALSE,1744,6.305999994,TRUE,435,25.29200006,NA,414,NA,NA,322,NA,NA,229,NA,NA,434,NA,NA,463,NA,NA,794,NA,NA,870,NA,NA,1008,NA
"166","2372781760","Control","Control",19,"Male","Enginee",NA,2.5,3.6,0.5,4,4,4,0,0,0,1,1,0,0,1,0,-0.370320029571751,NA,149,1.316999912,NA,143,0.842000008,NA,130,4.444000006,NA,105,1.865999937,NA,133,3.553999901,NA,74,0.335000038,NA,66,0.445000172,NA,70,0.499000072,NA,429,1.111999989,NA,255,2.911999941,NA,276,0.601000071,NA,248,2.429000139
"167","2391278443","Inaccurate","Inaccurate",21,"Female","Science","Upper s",2.5,7.8,0.5,4,4,4,0,0.5,0.5,1,0,1,0,1,0,-0.370320029571751,FALSE,757,42.8039999,FALSE,500,164.112,FALSE,1744,128.0740001,FALSE,1353,24.7579999,FALSE,414,12.16400003,FALSE,393,20.92600012,FALSE,229,8.671999931,FALSE,351,42.79400015,FALSE,662,110.951,FALSE,865,75.59499979,FALSE,870,41.92400002,FALSE,1008,62.41199994
"168","2399164741","Accurate","Accurate",20,"Female","Humanit","Upper s",2.25,6,0.666666666666667,4,4,4,0,0,0.5,1,1,1,1,0,0,0.299185108637064,TRUE,593,24.46700001,TRUE,816,25.30299997,TRUE,719,34.28799987,TRUE,435,14.16700006,TRUE,434,12.35500002,TRUE,322,80.07800007,TRUE,366,34.28799987,TRUE,434,31.97899985,TRUE,463,13.61599994,TRUE,794,21.50099993,TRUE,708,7.480000019,TRUE,574,8.053999901
"169","2421211415","Inaccurate","Inaccurate",NA,NA,NA,NA,NA,NA,0.75,4,0,0,0,NA,NA,1,NA,1,0,NA,1,0.633937677741472,NA,757,NA,NA,500,NA,NA,1744,NA,NA,1353,NA,FALSE,414,45.86000013,FALSE,393,63.62800002,FALSE,229,15.36000013,FALSE,351,6.180999994,NA,662,NA,NA,865,NA,NA,870,NA,NA,1008,NA
"170","2440641824","Accurate","Accurate",33,"Male","General","Post-se",4,8.2,0.5,4,4,4,0,0.5,0,1,0,1,0,1,0,-0.370320029571751,TRUE,593,78.18000007,TRUE,816,118.8299999,TRUE,719,211.171,TRUE,435,54.24700022,TRUE,434,7.25999999,TRUE,322,20.32099986,TRUE,366,3.877000093,TRUE,434,32.02499986,TRUE,463,3.55700016,TRUE,794,11.36500001,TRUE,708,12.29399991,TRUE,574,26.64199996
"171","2450233782","Accurate","Accurate",18,"Male","Enginee","Post-se",3,5.8,0.666666666666667,3,4,4,0,0.5,0,1,1,1,0,0,1,0.299185108637064,TRUE,593,34.9749999,TRUE,816,5.659999847,TRUE,719,1.878999949,TRUE,435,1.715000153,TRUE,434,6.443000078,TRUE,322,6.905999899,TRUE,366,5.342999935,TRUE,434,2.613000154,TRUE,463,12.06700015,TRUE,794,24.28200006,TRUE,708,4.671000004,TRUE,574,3.562999964
"172","2461100888","Accurate","Accurate",23,"Female",NA,"Upper s",NA,NA,0.2,2,2,1,0,0,NA,1,0,NA,0,0,0,-1.57542927834762,TRUE,593,331.52,TRUE,816,138.4729998,TRUE,719,43.5150001,TRUE,435,67.23300004,NA,434,NA,TRUE,322,74.47600007,NA,366,NA,TRUE,434,270.6989999,NA,463,NA,TRUE,794,51.16899991,NA,708,NA,NA,574,NA
"173","2466136689","Mixed","Mixed",28,"Male","Enginee","Primary",3.5,5.2,0.666666666666667,4,4,4,0.5,0,-0.5,0,1,1,0,1,1,0.299185108637064,FALSE,757,11.44700003,TRUE,816,9.313999891,FALSE,1744,7.788000107,TRUE,435,6.55700016,FALSE,414,2.948999882,TRUE,322,9.661999941,FALSE,229,2.934000015,TRUE,434,2.919000149,TRUE,463,3.19299984,TRUE,794,7.592000008,FALSE,870,8.915999889,FALSE,1008,13.52699995
"174","2481086110","Inaccurate",NA,NA,NA,NA,NA,NA,NA,NA,0,0,0,NA,NA,NA,NA,NA,NA,NA,NA,NA,NA,NA,NA,NA,NA,NA,NA,NA,NA,NA,NA,NA,NA,NA,NA,NA,NA,NA,NA,NA,NA,NA,NA,NA,NA,NA,NA,NA,NA,NA,NA,NA,NA,NA,NA,NA,NA
"175","2490023884","Control","Control",23,"Female",NA,"Upper s",1.5,7.2,0.5,4,4,4,0,1,0,1,0,1,0,0,1,-0.370320029571751,NA,149,1.434999943,NA,143,1.660000086,NA,130,5.798999786,NA,105,0.860999823,NA,133,1.095000029,NA,74,4.157000065,NA,66,0.766000032,NA,70,0.976000071,NA,429,4.902000189,NA,255,6.106999874,NA,276,2.215000153,NA,248,2.336999893
"176","2506889653","Control","Control",18,"Female","Humanit","Upper s",2.25,5.8,0.5,4,4,4,0,0.5,0,1,0,1,0,1,0,-0.370320029571751,NA,149,1.390000105,NA,143,1.170000076,NA,130,13.30300021,NA,105,1.118999958,NA,133,5.447999954,NA,74,1.307999849,NA,66,4.609999895,NA,70,12.62899995,NA,429,8.154000044,NA,255,6.015000105,NA,276,1.669000149,NA,248,0.901000023
"177","2507990365","Mixed","Mixed",27,"Female","Science","Post-se",1,1.4,0.666666666666667,4,4,4,0,0,0.5,1,0,1,1,1,0,0.299185108637064,FALSE,757,87.88100004,TRUE,816,16.36699986,FALSE,1744,40.76600003,TRUE,435,45.66299987,FALSE,414,80.94799995,TRUE,322,36.20799994,FALSE,229,108.494,TRUE,434,91.37800002,TRUE,463,21.20900011,TRUE,794,16.49300003,FALSE,870,22.72899985,FALSE,1008,40.86400008
"178","2508274683","Accurate","Accurate",31,"Female",NA,"Short-c",NA,NA,0.333333333333333,2,4,4,0,0.5,NA,1,0,1,0,0,0,-1.03982516778057,TRUE,593,231.02,TRUE,816,48.48099995,TRUE,719,56.13899994,TRUE,435,96.78900003,NA,434,NA,TRUE,322,251.9849999,TRUE,366,88.94799995,NA,434,NA,TRUE,463,20.06999993,TRUE,794,19.37599993,TRUE,708,5.910000086,TRUE,574,16.53399992
"179","2524089436","Accurate","Accurate",18,"Male",NA,"Post-se",NA,NA,0.833333333333333,4,3,4,NA,0,0,1,1,1,0,1,1,0.96869024684588,TRUE,593,3.828999996,TRUE,816,6.246000051,TRUE,719,14.85099983,TRUE,435,12.05699992,TRUE,434,3.089999914,TRUE,322,4.233999968,TRUE,366,1.161000013,TRUE,434,2.094000101,TRUE,463,1.430000067,TRUE,794,6.910000086,TRUE,708,1.388000011,TRUE,574,3.873000145
"180","2534776577","Accurate","Accurate",18,"Female","Science","Upper s",2.25,3.6,0.833333333333333,4,4,4,0,-0.5,0,1,1,1,1,0,1,0.96869024684588,TRUE,593,3.321000099,TRUE,816,2.625,TRUE,719,3.795000076,TRUE,435,6.400000095,TRUE,434,5.605000019,TRUE,322,7.071000099,TRUE,366,3.802999973,TRUE,434,8.125,TRUE,463,3.181999922,TRUE,794,2.536999941,TRUE,708,2.476999998,TRUE,574,6.83100009
"181","2540066340","Control","Control",24,"Male","Enginee","Upper s",2.5,6.4,0.666666666666667,4,4,4,0,0,0,1,1,1,0,1,0,0.299185108637064,NA,149,0.926000118,NA,143,0.714999914,NA,130,4.837000132,NA,105,0.68900013,NA,133,3.513999939,NA,74,0.875,NA,66,8.802999973,NA,70,9.023999929,NA,429,3.117999792,NA,255,6.894999981,NA,276,1.551000118,NA,248,4.242000103
"182","2546237700","Inaccurate","Inaccurate",25,"Male",NA,"Short-c",2.25,3.8,0.5,4,4,4,0.5,0.5,0,1,1,1,0,0,0,-0.370320029571751,FALSE,757,219.9959998,FALSE,500,207.8299999,FALSE,1744,216.04,FALSE,1353,220.253,FALSE,414,19.93600011,FALSE,393,141.2559998,FALSE,229,74.34100008,FALSE,351,123.812,FALSE,662,49.04399991,FALSE,865,64.0150001,FALSE,870,108.3070002,FALSE,1008,82.07299995
"183","2567948468","Control","Control",12,"Female",NA,"Doctora",3,5.4,0.166666666666667,4,4,4,-0.5,0,1,1,0,0,0,0,0,-1.70933030598938,NA,149,0.544000149,NA,143,3.548000097,NA,130,0.59100008,NA,105,0.506999969,NA,133,0.493000031,NA,74,0.480000019,NA,66,2.995000124,NA,70,0.690000057,NA,429,3.947000027,NA,255,0.515000105,NA,276,0.687999964,NA,248,0.544000149
"184","2575470979","Control","Control",23,"Male","Science",NA,2,2.2,0.833333333333333,4,4,4,0,-0.5,0,1,1,1,0,1,1,0.96869024684588,NA,149,19.0480001,NA,143,1.024000168,NA,130,1.690999985,NA,105,1.607000113,NA,133,1.25,NA,74,5.204999924,NA,66,1.578000069,NA,70,0.878000021,NA,429,1.678000212,NA,255,0.565000057,NA,276,1.611000061,NA,248,4.039999962
"185","2671952388","Inaccurate","Inaccurate",22,"Male","Enginee","Upper s",2.75,4.2,0.666666666666667,8,8,7,NA,NA,NA,1,1,0,0,1,1,0.299185108637064,FALSE,757,5.028000116,FALSE,500,26.79200006,FALSE,1744,3.069999933,FALSE,1353,38.36800003,FALSE,414,11.53699994,FALSE,393,4.651000023,FALSE,229,10.37100005,FALSE,351,7.717999935,FALSE,662,6.509000063,FALSE,865,4.269999981,FALSE,870,4.416999817,FALSE,1008,5.987999916
"186","2671952388","Inaccurate","Mixed",22,"Male","Enginee","Upper s",2.75,4.2,0.666666666666667,8,8,7,NA,NA,NA,1,1,0,0,1,1,0.299185108637064,FALSE,757,3.153000116,TRUE,816,16.16199994,FALSE,1744,5.529999971,TRUE,435,4.282999992,FALSE,414,14.329,TRUE,322,1.648999929,FALSE,229,6.178999901,TRUE,434,9.611000061,TRUE,463,7.363000154,TRUE,794,5.145999908,FALSE,870,8.427000046,FALSE,1008,4.611999989
"187","2673736500","Control","Control",18,"Male","Science","Primary",NA,NA,0.333333333333333,4,4,4,0,-0.5,0.5,1,0,0,0,1,0,-1.03982516778057,NA,149,0.61500001,NA,143,4.255000114,NA,130,1.494999886,NA,105,0.993999958,NA,133,4.696000099,NA,74,0.849999905,NA,66,1.353000164,NA,70,0.615999937,NA,429,1.513999939,NA,255,7.246999979,NA,276,1.282000065,NA,248,1.068000078
"188","2682952692","Control","Control",18,"Female",NA,"Primary",2.75,5.6,0.833333333333333,4,4,4,0,-0.5,0,1,1,1,0,1,1,0.96869024684588,NA,149,0.830000162,NA,143,1.329999924,NA,130,0.812000036,NA,105,3.344000101,NA,133,0.764999866,NA,74,4.434999943,NA,66,1.053999901,NA,70,1.522000074,NA,429,2.25,NA,255,1.562000036,NA,276,2.138000011,NA,248,8.301000118
"189","2692585913","Accurate","Accurate",38,"Male","Educati","Post-se",NA,NA,0.833333333333333,4,4,4,0,0,0,1,1,1,1,0,1,0.96869024684588,TRUE,593,9.256000042,TRUE,816,7.072000027,TRUE,719,11.19499993,TRUE,435,5.827000141,TRUE,434,3.612999916,TRUE,322,7.290999889,TRUE,366,2.532999992,TRUE,434,2.256000042,TRUE,463,2.335000038,TRUE,794,1.637000084,TRUE,708,14.25999999,TRUE,574,4.088999987
"190","2700971376","Mixed","Mixed",23,"Male",NA,"Post-se",2,7.4,0.833333333333333,4,4,4,-0.5,0,0.5,1,1,1,1,1,0,0.96869024684588,FALSE,757,332.1890001,TRUE,816,18.24499989,FALSE,1744,291.823,TRUE,435,7.5,FALSE,414,135.339,TRUE,322,9.498000145,FALSE,229,145.198,TRUE,434,14.09200001,TRUE,463,2.663000107,TRUE,794,46.75900006,FALSE,870,100.0339999,FALSE,1008,33.09800005
"191","2710255889","Inaccurate","Inaccurate",20,"Male",NA,"Short-c",3.25,6.6,0.833333333333333,4,4,4,0,0,0,1,1,1,0,1,1,0.96869024684588,FALSE,757,2.129999876,FALSE,500,8.467999935,FALSE,1744,6.916000128,FALSE,1353,10.38800001,FALSE,414,223.9320002,FALSE,393,369.9189999,FALSE,229,246.3499999,FALSE,351,270.5609999,FALSE,662,35.07299995,FALSE,865,3.02699995,FALSE,870,10.49599981,FALSE,1008,318.4829998
"192","2711771087","Inaccurate","Inaccurate",NA,NA,"Humanit",NA,NA,NA,0.666666666666667,4,4,4,0,0,-0.5,1,0,1,1,0,1,0.299185108637064,FALSE,757,6.062999964,FALSE,500,38.38500023,FALSE,1744,14.36699986,FALSE,1353,4.357000113,FALSE,414,10.90799999,FALSE,393,7.131000042,FALSE,229,2.819999933,FALSE,351,3.80700016,FALSE,662,10.5999999,FALSE,865,6.253999949,FALSE,870,6.329999924,FALSE,1008,10.90799999
"193","2734082925","Accurate","Accurate",18,"Female","Educati","Short-c",2.75,4,0.333333333333333,4,4,4,0,0.5,0.5,1,1,0,0,0,0,-1.03982516778057,TRUE,593,3.056999922,TRUE,816,24.43599987,TRUE,719,2.875,TRUE,435,9.09100008,TRUE,434,7.159000158,TRUE,322,7.717000008,TRUE,366,3.345999956,TRUE,434,5.198999882,TRUE,463,4.780999899,TRUE,794,7.265000105,TRUE,708,11.27699995,TRUE,574,2.627000093
"194","2744456096","Control","Control",22,"Male",NA,"Upper s",2.5,3.6,0.333333333333333,4,4,4,0,0,0,1,0,0,0,0,1,-1.03982516778057,NA,149,10.01499987,NA,143,5.375,NA,130,3.90899992,NA,105,27.66000009,NA,133,3.991000175,NA,74,4.802999973,NA,66,12.81400013,NA,70,9.608999968,NA,429,3.75999999,NA,255,7.623999834,NA,276,3.889000177,NA,248,3.894999981
"195","2752752586","Mixed","Mixed",35,"Female","Science","Upper s",NA,NA,0.833333333333333,4,4,4,-0.5,-1,0,1,1,1,0,1,1,0.96869024684588,FALSE,757,10.11099982,TRUE,816,45.56900001,FALSE,1744,38.98099995,TRUE,435,29.26800013,FALSE,414,9.491999865,TRUE,322,100.23,FALSE,229,9.000999928,TRUE,434,9.970000029,TRUE,463,65.898,TRUE,794,58.04099989,FALSE,870,11.6329999,FALSE,1008,11.53299999
"196","2753006169","Control",NA,NA,NA,NA,NA,NA,NA,0.5,0,0,0,NA,NA,NA,1,NA,NA,0,NA,NA,-0.370320029571751,NA,NA,NA,NA,NA,NA,NA,NA,NA,NA,NA,NA,NA,NA,NA,NA,NA,NA,NA,NA,NA,NA,NA,NA,NA,NA,NA,NA,NA,NA,NA,NA,NA,NA,NA,NA
"197","2755456487","Accurate","Accurate",38,"Male","Enginee","Primary",NA,NA,0.333333333333333,4,0,4,-0.5,0,0,1,0,0,0,0,1,-1.03982516778057,TRUE,593,83.37999988,NA,816,NA,NA,719,NA,NA,435,NA,TRUE,434,14.43199992,TRUE,322,28.29299998,TRUE,366,26.78300023,TRUE,434,43.40799999,TRUE,463,4.398000002,TRUE,794,31.07599998,TRUE,708,29.16899991,TRUE,574,6.32400012
"198","2761681789","Mixed","Mixed",19,"Female","Educati","Post-se",3.5,6.6,0.666666666666667,4,4,4,-0.5,0.5,0,1,1,1,0,0,1,0.299185108637064,FALSE,757,13.22800016,TRUE,816,9.621000051,FALSE,1744,5.75999999,TRUE,435,8.873999834,FALSE,414,12.75500011,TRUE,322,5.987999916,FALSE,229,5.850999832,TRUE,434,6.287999868,TRUE,463,12.44700003,TRUE,794,11.54699993,FALSE,870,2.273999929,FALSE,1008,7.353000164
"199","2764711430","Control","Control",33,"Male",NA,"Upper s",2.25,7.2,0.833333333333333,4,4,4,0,0,0,1,1,1,1,1,0,0.96869024684588,NA,149,11.89400005,NA,143,0.046999931,NA,130,1.610000134,NA,105,1.300000191,NA,133,1.673000097,NA,74,2.404999971,NA,66,17.67799997,NA,70,0.014000177,NA,429,1.30700016,NA,255,1.160000086,NA,276,8.394999981,NA,248,1.174999952
"200","2825135923","Accurate","Accurate",20,"Male","Enginee","Primary",2.25,5.2,0.4,4,4,4,0,0,NA,1,1,NA,0,0,0,-0.77202311249704,TRUE,593,4.185000181,TRUE,816,1.749000072,TRUE,719,2.97300005,TRUE,435,9.076999903,TRUE,434,2.320999861,TRUE,322,7.27699995,TRUE,366,3.085999966,TRUE,434,5.212000132,TRUE,463,5.157999992,TRUE,794,2.36500001,TRUE,708,4.669999838,TRUE,574,1.588999987
"201","2831114344","Inaccurate","Inaccurate",26,"Female","General","Upper s",4,6.4,0.333333333333333,4,4,4,0,0,0,1,0,1,0,0,0,-1.03982516778057,FALSE,757,42.14399981,FALSE,500,25.36500001,FALSE,1744,40.21099997,FALSE,1353,13.32099986,FALSE,414,9.403000116,FALSE,393,31.2650001,FALSE,229,9.828000069,FALSE,351,13.09299994,FALSE,662,53.43799996,FALSE,865,8.355999947,FALSE,870,20.40299988,FALSE,1008,9.167000055
"202","2881661286","Inaccurate","Inaccurate",23,"Female","Humanit",NA,2.75,7.6,1,4,4,4,0,0,0,1,1,1,1,1,1,1.6381953850547,FALSE,757,178.2520001,FALSE,500,229.5440001,FALSE,1744,48.04100013,FALSE,1353,25.91100001,FALSE,414,12.30999994,FALSE,393,95.84200001,FALSE,229,6.263000011,FALSE,351,58.76099992,FALSE,662,60.99100018,FALSE,865,84.71200013,FALSE,870,150.7920001,FALSE,1008,34.58299994
"203","2884973567","Accurate","Accurate",22,"Male","Science",NA,4,8.4,0.5,4,4,4,0,0,0,1,0,1,0,0,1,-0.370320029571751,TRUE,593,5.651000023,TRUE,816,4.720999956,TRUE,719,12.51199985,TRUE,435,5.161000013,TRUE,434,16.11199999,TRUE,322,56.15200019,TRUE,366,18.59099984,TRUE,434,6.512000084,TRUE,463,6.490999937,TRUE,794,12.45799994,TRUE,708,13.24899983,TRUE,574,5.279999971
"204","2904557645","Accurate","Accurate",22,"Female","Science","Short-c",2,2,0.333333333333333,1,4,4,0,0.5,0.5,1,0,0,0,1,0,-1.03982516778057,TRUE,593,84.91199994,TRUE,816,81.71099997,TRUE,719,165.6439998,TRUE,435,41.15699983,NA,434,NA,NA,322,NA,TRUE,366,272.7250001,NA,434,NA,TRUE,463,43.84099984,TRUE,794,33.23699999,TRUE,708,9.972000122,TRUE,574,45.796
"205","2920241164","Inaccurate","Inaccurate",22,"Female","Humanit","Upper s",2.5,6.6,0.833333333333333,1,4,4,0,0,0,1,1,1,0,1,1,0.96869024684588,FALSE,757,32.49399996,FALSE,500,63.72600007,FALSE,1744,49.00999999,FALSE,1353,22.48600006,NA,414,NA,NA,393,NA,NA,229,NA,FALSE,351,97.62699986,FALSE,662,42.81999993,FALSE,865,36.68999982,FALSE,870,24.53399992,FALSE,1008,14.17600012
"206","2925149365","Control","Control",39,"Male",NA,"Short-c",3.5,4,0.5,4,4,4,0,0.5,0,1,0,0,1,1,0,-0.370320029571751,NA,149,1.476000071,NA,143,1.197999954,NA,130,6.832999945,NA,105,2.103999853,NA,133,1.407999992,NA,74,2.101000071,NA,66,1.771000147,NA,70,4.986999989,NA,429,6.56099987,NA,255,1.171999931,NA,276,1.204999924,NA,248,8.073999882
"207","2925741922","Mixed","Mixed",20,"Female","Science","Post-se",3.5,6,0.666666666666667,4,4,4,0,0,NA,1,1,1,0,1,0,0.299185108637064,FALSE,757,42.86500001,TRUE,816,32.25500011,FALSE,1744,22.38800001,TRUE,435,29.93300009,FALSE,414,10.30400014,TRUE,322,22.05099988,FALSE,229,14.54299998,TRUE,434,19.88100004,TRUE,463,23.09000015,TRUE,794,14.65400004,FALSE,870,7.45600009,FALSE,1008,16.90400004
"208","2926759550","Inaccurate","Inaccurate",NA,NA,"Science",NA,1.25,2.6,0.5,4,4,4,0.5,0,1,0,1,0,1,1,0,-0.370320029571751,FALSE,757,88.22000003,FALSE,500,8.635999918,FALSE,1744,12.38700008,FALSE,1353,38.86100006,FALSE,414,12.62199998,FALSE,393,15.04399991,FALSE,229,72.6869998,FALSE,351,49.57800007,FALSE,662,14.89700007,FALSE,865,30.8499999,FALSE,870,12.3829999,FALSE,1008,17.15799999
"209","2935435802","Inaccurate","Inaccurate",30,"Male","Science","Upper s",1.75,7.6,0.833333333333333,4,4,4,0,0,0,1,1,1,0,1,1,0.96869024684588,FALSE,757,73.98300004,FALSE,500,265.529,FALSE,1744,218.9860001,FALSE,1353,18.68899989,FALSE,414,27.2980001,FALSE,393,28.9749999,FALSE,229,15.67699981,FALSE,351,38.79400015,FALSE,662,37.00699997,FALSE,865,34.18700004,FALSE,870,264.5909998,FALSE,1008,29.03499985
"210","2938194891","Accurate","Accurate",24,"Male","Science","Short-c",NA,NA,0.333333333333333,4,4,4,-0.5,0,1,1,0,0,0,1,0,-1.03982516778057,TRUE,593,26.70000005,TRUE,816,98.37699986,TRUE,719,18.08399987,TRUE,435,31.28400016,TRUE,434,1.734000206,TRUE,322,1.817000151,TRUE,366,33.23799992,TRUE,434,12.28999996,TRUE,463,9.842000008,TRUE,794,19.44700003,TRUE,708,46.72799993,TRUE,574,48.52699995
"211","2959960817","Mixed","Mixed",22,"Female",NA,"Upper s",2.5,5,0.5,4,3,4,0,0.5,0,0,1,1,0,0,1,-0.370320029571751,FALSE,757,5.551000118,TRUE,816,5.601000071,FALSE,1744,10.09800005,TRUE,435,7.72300005,FALSE,414,10.30699992,TRUE,322,8.144000053,FALSE,229,15.89299989,TRUE,434,2.256999969,TRUE,463,2.402999878,TRUE,794,6.163000107,FALSE,870,4.711999893,FALSE,1008,1.601000071
"212","2962209527","Mixed","Mixed",23,"Female","Humanit",NA,2.5,4.2,0.333333333333333,4,4,4,0,0.5,0,1,0,1,0,0,0,-1.03982516778057,FALSE,757,61.57500005,TRUE,816,138.931,FALSE,1744,26.30900002,TRUE,435,33.29900002,FALSE,414,46.92400002,TRUE,322,42.50300002,FALSE,229,80.0710001,TRUE,434,8.220000029,TRUE,463,2.529000044,TRUE,794,35.92700005,FALSE,870,50.95799994,FALSE,1008,12.46999979
"213","2962369678","Inaccurate","Inaccurate",24,"Female",NA,"Post-se",2.25,6,0.5,4,4,4,0,0,1,1,1,0,0,1,0,-0.370320029571751,FALSE,757,198.5120001,FALSE,500,201.7549999,FALSE,1744,64.29399991,FALSE,1353,59.83500004,FALSE,414,179.72,FALSE,393,95.25200009,FALSE,229,62.69799995,FALSE,351,489.556,FALSE,662,144.8629999,FALSE,865,14.32500005,FALSE,870,64.23100019,FALSE,1008,30.8499999
"214","3000887611","Accurate","Accurate",24,"Male","Service","Short-c",NA,NA,0.5,4,4,4,0.5,0,0,0,1,0,0,1,1,-0.370320029571751,TRUE,593,41.12599993,TRUE,816,14.37299991,TRUE,719,6.030999899,TRUE,435,3.308000088,TRUE,434,34.53600001,TRUE,322,4.701000214,TRUE,366,8.650000095,TRUE,434,6.026000023,TRUE,463,2.5849998,TRUE,794,4.967000008,TRUE,708,4.038999796,TRUE,574,55.67900014
"215","3015838286","Inaccurate","Inaccurate",31,"Female",NA,"Lower s",2.5,3,0.833333333333333,4,4,4,-0.5,0.5,0,1,0,1,1,1,1,0.96869024684588,FALSE,757,9.05700016,FALSE,500,8.146000147,FALSE,1744,11.85299993,FALSE,1353,5.36500001,FALSE,414,9.767999887,FALSE,393,21.69499993,FALSE,229,4.34100008,FALSE,351,8.891000032,FALSE,662,7.795000076,FALSE,865,14.83200002,FALSE,870,11.05200005,FALSE,1008,18.398
"216","3027529098","Inaccurate","Inaccurate",20,"Male",NA,"Short-c",2.75,4,0.833333333333333,4,4,4,0,0,-0.5,1,1,1,1,0,1,0.96869024684588,FALSE,757,12.67299986,FALSE,500,10.36800003,FALSE,1744,7.412999868,FALSE,1353,22.29200006,FALSE,414,5.090000153,FALSE,393,6.898000002,FALSE,229,15.22799993,FALSE,351,11.91700006,FALSE,662,4.34800005,FALSE,865,4.039999962,FALSE,870,2.29700017,FALSE,1008,2.575000048
"217","3030590057","Control","Control",20,"Male",NA,"Upper s",3.5,5.6,0.833333333333333,4,4,4,0,0,0,1,1,1,0,1,1,0.96869024684588,NA,149,5.08100009,NA,143,0.702000141,NA,130,0.674000025,NA,105,1.34800005,NA,133,0.529000044,NA,74,0.963000059,NA,66,3.582000017,NA,70,0.729999781,NA,429,4.907000065,NA,255,3.707000017,NA,276,1.118000031,NA,248,2.845999956
"218","3035990922","Accurate","Accurate",48,"Female",NA,"Upper s",4,NA,1,4,0,4,-0.5,0,NA,1,1,NA,1,1,NA,1.6381953850547,TRUE,593,101.415,TRUE,816,105.7350001,TRUE,719,41.17400002,TRUE,435,33.20300007,TRUE,434,19.06699991,TRUE,322,2.848999977,TRUE,366,17.89099979,TRUE,434,94.25600004,TRUE,463,4.016000032,TRUE,794,18.12599993,TRUE,708,4.092999935,TRUE,574,53.02399993
"219","3038655162","Control","Control",26,"Male","Science","Upper s",3,7.4,1,4,4,4,0,-0.5,-0.5,1,1,1,1,1,1,1.6381953850547,NA,149,0.79700017,NA,143,4.878000021,NA,130,0.542999983,NA,105,1.948999882,NA,133,4.528000116,NA,74,1.222000122,NA,66,0.788000107,NA,70,0.612999916,NA,429,0.460999966,NA,255,0.835999966,NA,276,6,NA,248,0.847999811
"220","3049022816","Control","Control",20,"Male","Humanit","Upper s",2.75,5,0.833333333333333,4,4,4,-0.5,0,0,1,1,1,1,1,0,0.96869024684588,NA,149,0.906000137,NA,143,1.460000038,NA,130,4.648999929,NA,105,1.046999931,NA,133,1.19299984,NA,74,0.752999783,NA,66,3.454999924,NA,70,0.808999777,NA,429,0.811999798,NA,255,0.598999977,NA,276,0.957000017,NA,248,4.037999868
"221","3051836100","Control","Control",26,"Male","Enginee","Primary",4,5.2,0.333333333333333,4,4,4,0,0.5,0.5,1,0,0,0,0,1,-1.03982516778057,NA,149,1.71600008,NA,143,1.741000175,NA,130,7.875999928,NA,105,1.917999983,NA,133,0.521999836,NA,74,0.981999874,NA,66,4.745000124,NA,70,0.813999891,NA,429,0.892999887,NA,255,2.078999996,NA,276,0.781000137,NA,248,4.47300005
"222","3057117945","Control","Control",21,"Female","Enginee","Upper s",3.25,6.2,0.833333333333333,4,4,4,0,-0.5,0,1,1,0,1,1,1,0.96869024684588,NA,149,1.342000008,NA,143,1.113000154,NA,130,1.453000069,NA,105,6.256999969,NA,133,1.967999935,NA,74,2.219000101,NA,66,10.30800009,NA,70,7.207000017,NA,429,2.541000128,NA,255,9.128000021,NA,276,1.946000099,NA,248,0.629000187
"223","3076932970","Control","Control",19,"Female","Science","Upper s",3,5.2,0.666666666666667,4,4,4,0,0,0.5,1,1,0,0,1,1,0.299185108637064,NA,149,4.891000032,NA,143,1.993999958,NA,130,2.028999805,NA,105,1.68599987,NA,133,10.27800012,NA,74,12.48399997,NA,66,2.319000006,NA,70,6.526000023,NA,429,1.680999994,NA,255,1.819999933,NA,276,0.667999983,NA,248,6.009000063
"224","3110108804","Accurate","Accurate",22,NA,"Science","Short-c",2,2,0.666666666666667,4,4,4,0.5,-0.5,0.5,1,1,1,0,1,0,0.299185108637064,TRUE,593,27.70700002,TRUE,816,51.97599983,TRUE,719,21.36199999,TRUE,435,10.046,TRUE,434,6.887000084,TRUE,322,28.27100015,TRUE,366,26.51200008,TRUE,434,23.27800012,TRUE,463,8.327000141,TRUE,794,7.012000084,TRUE,708,6.241999865,TRUE,574,3.170000076
"225","3136019370","Mixed","Mixed",36,"Female","Service","Upper s",NA,NA,0.333333333333333,4,4,4,0,0,0,1,0,1,0,0,0,-1.03982516778057,FALSE,757,74.57800007,TRUE,816,31.579,FALSE,1744,11.14100003,TRUE,435,10.74099994,FALSE,414,10.77199984,TRUE,322,24.70800018,FALSE,229,19.16699982,TRUE,434,23.65499997,TRUE,463,11.16100001,TRUE,794,8.355000019,FALSE,870,10.3039999,FALSE,1008,7.937999964
"226","3143319937","Accurate",NA,NA,NA,NA,NA,NA,NA,1,0,0,0,NA,NA,NA,1,NA,NA,NA,NA,NA,1.6381953850547,NA,NA,NA,NA,NA,NA,NA,NA,NA,NA,NA,NA,NA,NA,NA,NA,NA,NA,NA,NA,NA,NA,NA,NA,NA,NA,NA,NA,NA,NA,NA,NA,NA,NA,NA,NA
"227","3181144277","Mixed","Mixed",56,"Male",NA,"Upper s",2.25,1.2,0.166666666666667,4,4,4,0,1,0.5,0,0,0,0,0,1,-1.70933030598938,FALSE,757,2.414999962,TRUE,816,7.807999849,FALSE,1744,9.415999889,TRUE,435,3.191999912,FALSE,414,3.997999907,TRUE,322,2.210999966,FALSE,229,3.138000011,TRUE,434,5.917999983,TRUE,463,8.818000078,TRUE,794,7.039000034,FALSE,870,4.174999952,FALSE,1008,4.527999878
"228","3192054602","Control","Control",18,"Male","Science",NA,NA,NA,0.333333333333333,4,4,4,NA,0,NA,1,0,1,0,0,0,-1.03982516778057,NA,149,1.147000074,NA,143,0.613999844,NA,130,6.062000036,NA,105,0.488999844,NA,133,1.134000063,NA,74,0.773000002,NA,66,0.756000042,NA,70,3.695999861,NA,429,1.605000019,NA,255,3.532999992,NA,276,1.036000013,NA,248,1.398999929
"229","3216914786","Control","Control",NA,NA,NA,"Post-se",NA,NA,0.166666666666667,4,4,4,0,0,0,0,0,1,0,0,0,-1.70933030598938,NA,149,3.983999968,NA,143,6.448999882,NA,130,2.271000147,NA,105,5.375,NA,133,10.2349999,NA,74,1.760999918,NA,66,0.917999983,NA,70,5.333999872,NA,429,76.72600007,NA,255,1.042000055,NA,276,123.1059999,NA,248,31.10500002
"230","3219738344","Control","Control",18,"Female",NA,"Upper s",1,5.6,0.833333333333333,4,4,4,0,-0.5,0,1,1,1,1,1,0,0.96869024684588,NA,149,1.082000017,NA,143,3.808000088,NA,130,0.81400013,NA,105,4.299000025,NA,133,0.94900012,NA,74,1.325000048,NA,66,2.858999968,NA,70,5.963999987,NA,429,2,NA,255,1.503000021,NA,276,1.121999979,NA,248,3.982000113
"231","3237295161","Mixed","Mixed",NA,NA,NA,NA,3.25,4.6,0.666666666666667,4,4,4,-0.5,0,-0.5,1,1,0,0,1,1,0.299185108637064,FALSE,757,6.58100009,TRUE,816,284.1890001,FALSE,1744,47.44400001,TRUE,435,28.51900005,FALSE,414,3.257999897,TRUE,322,214.842,FALSE,229,108.9860001,TRUE,434,12.2889998,TRUE,463,15.67199993,TRUE,794,6.938000202,FALSE,870,7.047999859,FALSE,1008,3.749000072
"232","3244058452","Control",NA,NA,NA,NA,NA,NA,NA,0,0,0,0,NA,NA,NA,NA,0,NA,NA,0,NA,-2.3788354441982,NA,NA,NA,NA,NA,NA,NA,NA,NA,NA,NA,NA,NA,NA,NA,NA,NA,NA,NA,NA,NA,NA,NA,NA,NA,NA,NA,NA,NA,NA,NA,NA,NA,NA,NA,NA
"233","3255740481","Accurate","Accurate",21,"Female",NA,"Upper s",2.5,1.8,0.666666666666667,4,4,4,0,0,0,1,0,1,0,1,1,0.299185108637064,TRUE,593,43.80200005,TRUE,816,23.94700003,TRUE,719,21.8039999,TRUE,435,18.86099982,TRUE,434,12.79699993,TRUE,322,46.22000003,TRUE,366,36.66499996,TRUE,434,30.41899991,TRUE,463,4.782999992,TRUE,794,14.05299997,TRUE,708,6.319000006,TRUE,574,32.37800002
"234","3265337331","Inaccurate","Inaccurate",19,"Male","Science","Upper s",4,8.2,0.833333333333333,4,4,4,0,-0.5,-0.5,1,1,1,1,0,1,0.96869024684588,FALSE,757,22.602,FALSE,500,13.65600014,FALSE,1744,2.924000025,FALSE,1353,3.180999994,FALSE,414,14.17799997,FALSE,393,11.73599982,FALSE,229,7.444000006,FALSE,351,2.632000208,FALSE,662,4.728000164,FALSE,865,3.187999964,FALSE,870,21.44000006,FALSE,1008,14.9749999
"235","3268460462","Control","Control",NA,NA,"Enginee","Upper s",NA,NA,0.5,4,1,4,0,0.5,0,1,1,1,0,0,0,-0.370320029571751,NA,149,NA,NA,143,0.398999929,NA,130,NA,NA,105,NA,NA,133,1.697000027,NA,74,0.989000082,NA,66,0.693000078,NA,70,4.152999878,NA,429,2.784999847,NA,255,1.374000072,NA,276,6.232000113,NA,248,1.079999924
"236","3292283782","Accurate","Accurate",23,"Male","Science","Lower s",2.75,5,0.333333333333333,4,4,4,0,0,0,1,0,0,0,0,1,-1.03982516778057,TRUE,593,5.279999971,TRUE,816,10.11699986,TRUE,719,71.05200005,TRUE,435,9.171000004,TRUE,434,10.57400012,TRUE,322,11.05699992,TRUE,366,6.78000021,TRUE,434,4.601999998,TRUE,463,4.355999947,TRUE,794,3.258999825,TRUE,708,9.292999983,TRUE,574,5.079999924
"237","3311183998","Mixed","Mixed",21,"Female","Science","Upper s",1.25,7,0.5,4,4,4,0,0,-0.5,1,0,1,0,0,1,-0.370320029571751,FALSE,757,40.60299993,TRUE,816,22.43300009,FALSE,1744,14.03900003,TRUE,435,9.36500001,FALSE,414,15.80699992,TRUE,322,42.90100002,FALSE,229,43.602,TRUE,434,12.55200005,TRUE,463,18.01600003,TRUE,794,28.34500003,FALSE,870,16.91100001,FALSE,1008,17.90899992
"238","3314519425","Mixed","Mixed",21,"Female","General","Upper s",1,7.4,0.833333333333333,4,4,4,0,0,-0.5,1,1,1,0,1,1,0.96869024684588,FALSE,757,6.483999968,TRUE,816,23.25900006,FALSE,1744,27.04699993,TRUE,435,10.73000002,FALSE,414,41.46000004,TRUE,322,3.203000069,FALSE,229,29.24100018,TRUE,434,10.21799994,TRUE,463,2.140000105,TRUE,794,6.929000139,FALSE,870,4.105000019,FALSE,1008,7.795000076
"239","3339870085","Control","Control",21,"Male",NA,"Primary",3,4,0.666666666666667,4,4,4,0,0,0,1,1,1,1,0,0,0.299185108637064,NA,149,14.53699994,NA,143,2.262000084,NA,130,1.541999817,NA,105,0.686000109,NA,133,0.738999844,NA,74,8.153000116,NA,66,0.934000015,NA,70,1.444999933,NA,429,2.268999815,NA,255,4.222999811,NA,276,1.002000093,NA,248,0.736999989
"240","3346198075","Mixed","Mixed",18,"Male",NA,"Post-se",2.5,5.8,0.833333333333333,4,4,4,0,-0.5,0,1,1,1,0,1,1,0.96869024684588,FALSE,757,12.24499989,TRUE,816,104.9430001,FALSE,1744,20.55299997,TRUE,435,3.384000063,FALSE,414,14.41700006,TRUE,322,1.924000025,FALSE,229,6.811000109,TRUE,434,95.35699987,TRUE,463,153.3659999,TRUE,794,6.835999966,FALSE,870,51.398,FALSE,1008,14.5999999
"241","3352593653","Accurate","Accurate",22,"Female","Science","Short-c",2.75,3.6,0.666666666666667,4,4,4,0,0,-0.5,1,1,0,1,0,1,0.299185108637064,TRUE,593,17.30699992,TRUE,816,16.00600004,TRUE,719,14.7750001,TRUE,435,8.632999897,TRUE,434,10.0999999,TRUE,322,17.59699988,TRUE,366,67.03600001,TRUE,434,120.615,TRUE,463,25.98300004,TRUE,794,28.0860002,TRUE,708,24.33500004,TRUE,574,12.90499997
"242","3356900108","Control","Control",21,"Male","Agricul",NA,NA,NA,0.5,4,4,4,0,0,0,1,0,1,0,1,0,-0.370320029571751,NA,149,1.786000013,NA,143,5.290999889,NA,130,1.326999903,NA,105,0.971999884,NA,133,5.185000181,NA,74,0.869000196,NA,66,1.476999998,NA,70,0.635999918,NA,429,2.565000057,NA,255,5.945000172,NA,276,1.514999866,NA,248,1.38499999
"243","3366644316","Mixed","Mixed",34,"Female","General","Upper s",3,5.8,0.5,4,0,4,NA,NA,-0.5,NA,NA,1,NA,NA,0,-0.370320029571751,NA,757,NA,NA,816,NA,NA,1744,NA,NA,435,NA,FALSE,414,13.94000006,TRUE,322,11.33200002,FALSE,229,10.30400014,TRUE,434,22.20300007,TRUE,463,10.63199997,TRUE,794,4.61500001,FALSE,870,12.33899999,FALSE,1008,13.70900011
"244","3375103116","Mixed","Mixed",21,"Female","Science","Upper s",3,5.4,0.666666666666667,4,4,4,0,-0.5,0,1,1,1,0,1,0,0.299185108637064,FALSE,757,55.19599986,TRUE,816,6.440999985,FALSE,1744,13.25,TRUE,435,14.70300007,FALSE,414,7.684000015,TRUE,322,2.183000088,FALSE,229,9.791000128,TRUE,434,7.925000191,TRUE,463,5.972000122,TRUE,794,7.218999863,FALSE,870,25.83800006,FALSE,1008,30.20200014
"245","3376710022","Control","Control",20,"Female",NA,"Upper s",2.5,6,0.833333333333333,4,4,4,0,-1,0,1,1,1,0,1,1,0.96869024684588,NA,149,1.460000038,NA,143,1.865999937,NA,130,3.496999979,NA,105,1.705000162,NA,133,4.789999962,NA,74,3.937999964,NA,66,4.81799984,NA,70,1.691999912,NA,429,2.16899991,NA,255,0.913000107,NA,276,5.396999836,NA,248,7.884000063
"246","3385186266","Accurate","Accurate",29,"Female",NA,"Lower s",3.75,6.6,0.833333333333333,4,4,4,0,0,0,1,1,1,1,0,1,0.96869024684588,TRUE,593,472.793,TRUE,816,84.273,TRUE,719,74.91400003,TRUE,435,22.523,TRUE,434,13.85899997,TRUE,322,48.06599998,TRUE,366,230.641,TRUE,434,9.994999886,TRUE,463,2.049000025,TRUE,794,108.118,TRUE,708,18.00099993,TRUE,574,25.78600001
"247","3394908821","Inaccurate","Inaccurate",NA,NA,NA,NA,NA,NA,0,0,0,4,NA,NA,0.5,NA,NA,0,NA,NA,0,-2.3788354441982,NA,757,NA,FALSE,500,15.34899998,NA,1744,NA,NA,1353,NA,NA,414,NA,NA,393,NA,NA,229,NA,NA,351,NA,FALSE,662,10.39499998,FALSE,865,25.91000009,FALSE,870,10.60899997,FALSE,1008,67.98800015
"248","3406180499","Accurate","Accurate",30,"Male",NA,"Upper s",3.5,7.2,0.666666666666667,4,4,4,0,0,0,1,0,1,1,1,0,0.299185108637064,TRUE,593,20.13399982,TRUE,816,20.352,TRUE,719,63.14900017,TRUE,435,20.85100007,TRUE,434,8.207000017,TRUE,322,4.29700017,TRUE,366,3.46600008,TRUE,434,17.0079999,TRUE,463,15.05200005,TRUE,794,11.07500005,TRUE,708,10.86400008,TRUE,574,12.68600011
"249","3408660247","Accurate","Accurate",28,"Female","Educati","Upper s",4,3.6,0.166666666666667,4,4,4,-0.5,0,0,1,0,0,0,0,0,-1.70933030598938,TRUE,593,78.67900014,TRUE,816,309.1700001,TRUE,719,67.00900006,TRUE,435,17.75399995,TRUE,434,7.582999945,TRUE,322,10.96099997,TRUE,366,44.15100002,TRUE,434,62.00600004,TRUE,463,7.600999832,TRUE,794,17.88199997,TRUE,708,63.25600004,TRUE,574,3.778999805
"250","3415605572","Control","Control",29,"Female",NA,"Post-se",3,3.6,0.5,4,4,4,0,0,0,1,0,1,0,1,0,-0.370320029571751,NA,149,8.54399991,NA,143,5.095999956,NA,130,5.905999899,NA,105,5.343999863,NA,133,7.780999899,NA,74,4.228999853,NA,66,3.931999922,NA,70,10.69499993,NA,429,10.5,NA,255,5.664000034,NA,276,4.166000128,NA,248,12.91400003
"251","3417566714","Control","Control",29,"Female",NA,"Short-c",2.75,4.4,0.5,4,4,4,-0.5,0,-1,1,0,1,0,0,1,-0.370320029571751,NA,149,12.69800019,NA,143,1.628000021,NA,130,1.545000076,NA,105,1.099999905,NA,133,1.924000025,NA,74,5.756000042,NA,66,1.799000025,NA,70,6.970999956,NA,429,1.411999941,NA,255,3.052999973,NA,276,4.901000023,NA,248,0.802999973
"252","3441059474","Control","Control",18,"Male",NA,"Post-se",NA,NA,0.833333333333333,4,4,4,-0.5,-0.5,NA,1,1,1,0,1,1,0.96869024684588,NA,149,2.375,NA,143,1.338999987,NA,130,4.253000021,NA,105,0.52699995,NA,133,1.28399992,NA,74,4.42599988,NA,66,0.532999992,NA,70,0.623000145,NA,429,1.601999998,NA,255,0.654999971,NA,276,0.851000071,NA,248,4.780999899
"253","3457576167","Inaccurate","Inaccurate",57,"Male","Humanit","Masterâ",2.5,3.8,0.333333333333333,4,4,4,0.5,1,0,0,0,0,1,0,1,-1.03982516778057,FALSE,757,2.197000027,FALSE,500,5.624000072,FALSE,1744,19.22900009,FALSE,1353,46.69800019,FALSE,414,2.245999813,FALSE,393,16.08500004,FALSE,229,1.782000065,FALSE,351,1.687000036,FALSE,662,5.174000025,FALSE,865,2.789000034,FALSE,870,17.53900003,FALSE,1008,23.65199995
"254","3472752329","Control","Control",19,"Female","Science","Upper s",3,5,0.833333333333333,4,4,4,0,0,0,1,1,1,0,1,1,0.96869024684588,NA,149,3.759000063,NA,143,0.243999958,NA,130,0.189999819,NA,105,0.828999996,NA,133,1.527999878,NA,74,1.124000072,NA,66,0.397000074,NA,70,2.930999994,NA,429,1.792999983,NA,255,1.037999868,NA,276,4.748000145,NA,248,0.746999979
"255","3499784824","Accurate","Accurate",23,"Female",NA,"Upper s",3,6.8,0.5,4,4,4,0,0,0,1,0,1,0,1,0,-0.370320029571751,TRUE,593,21.25300002,TRUE,816,4.152999878,TRUE,719,11.00099993,TRUE,435,7.419999838,TRUE,434,8.808000088,TRUE,322,3.144999981,TRUE,366,15.06599998,TRUE,434,13.66400003,TRUE,463,6.628999949,TRUE,794,2.428999901,TRUE,708,4.530999899,TRUE,574,9.269999981
"256","3504809401","Accurate","Accurate",22,"Female",NA,"Post-se",3.25,5.4,0.666666666666667,4,4,4,0,1,0,1,0,1,1,0,1,0.299185108637064,TRUE,593,115.8599999,TRUE,816,300.618,TRUE,719,58.68200016,TRUE,435,30.05299997,TRUE,434,56.75600004,TRUE,322,14.68400002,TRUE,366,21.11400008,TRUE,434,22.23799992,TRUE,463,9.612999916,TRUE,794,26.07299995,TRUE,708,13.86400008,TRUE,574,11.37800002
"257","3510431012","Inaccurate","Inaccurate",NA,NA,NA,NA,NA,NA,NA,0,4,0,NA,NA,NA,NA,NA,NA,NA,NA,NA,NA,FALSE,757,36.51200008,FALSE,500,NA,FALSE,1744,43.97399998,FALSE,1353,7.963000059,NA,414,NA,NA,393,NA,NA,229,NA,NA,351,NA,NA,662,NA,NA,865,NA,NA,870,NA,NA,1008,NA
"258","3510928573","Inaccurate","Inaccurate",NA,NA,NA,NA,NA,NA,0.5,2,0,0,NA,NA,NA,1,NA,NA,0,NA,NA,-0.370320029571751,NA,757,NA,NA,500,NA,NA,1744,NA,NA,1353,NA,FALSE,414,5.134000063,FALSE,393,21.852,NA,229,NA,NA,351,NA,NA,662,NA,NA,865,NA,NA,870,NA,NA,1008,NA
"259","3511651711","Inaccurate","Inaccurate",NA,NA,NA,NA,NA,NA,NA,0,0,4,NA,NA,NA,NA,NA,NA,NA,NA,NA,NA,NA,757,NA,NA,500,NA,NA,1744,NA,NA,1353,NA,NA,414,NA,NA,393,NA,NA,229,NA,NA,351,NA,FALSE,662,2.756000042,FALSE,865,16.90200019,FALSE,870,4.455999851,FALSE,1008,38.13800001
"260","3515547400","Accurate","Accurate",39,"Female","Science","Short-c",3.25,6.8,0.666666666666667,4,4,4,0,0.5,0,1,0,1,1,0,1,0.299185108637064,TRUE,593,14.06599998,TRUE,816,13.24000001,TRUE,719,4.853000164,TRUE,435,3.342999935,TRUE,434,8.929999828,TRUE,322,4.75999999,TRUE,366,4.080999851,TRUE,434,5.131000042,TRUE,463,4.20600009,TRUE,794,2.906999826,TRUE,708,2.883000135,TRUE,574,7.282999992
"261","3538188593","Control","Control",19,"Female","Science","Short-c",2,8.2,1,4,4,4,-0.5,0,-0.5,1,1,1,1,1,1,1.6381953850547,NA,149,1.034000158,NA,143,0.933000088,NA,130,6.227999926,NA,105,2.327000141,NA,133,4.858999968,NA,74,0.835000038,NA,66,3.484000206,NA,70,2.946999788,NA,429,1.260000229,NA,255,5.19299984,NA,276,1.250999928,NA,248,1.07400012
"262","3600107240","Inaccurate","Inaccurate",22,"Female",NA,"Post-se",1,1,0.5,0,4,4,NA,0,NA,NA,0,NA,NA,1,NA,-0.370320029571751,FALSE,757,5.697000027,FALSE,500,35.12199998,FALSE,1744,11.33100009,FALSE,1353,87.28299999,NA,414,NA,NA,393,NA,NA,229,NA,NA,351,NA,FALSE,662,4.416000128,FALSE,865,12.81399989,FALSE,870,11.273,FALSE,1008,7.051000118
"263","3603334752","Accurate","Accurate",28,NA,"Enginee","Post-se",3,2.8,0.5,4,1,4,0,NA,-0.5,0,NA,1,0,NA,1,-0.370320029571751,NA,593,NA,NA,816,NA,TRUE,719,5.769999981,NA,435,NA,TRUE,434,9.29700017,TRUE,322,5.523999929,TRUE,366,19.98699999,TRUE,434,27.93500018,TRUE,463,10.47900009,TRUE,794,18.86400008,TRUE,708,23.03800011,TRUE,574,36.37199998
"264","3609404470","Control",NA,NA,NA,NA,NA,NA,NA,1,0,0,0,NA,NA,NA,NA,NA,NA,NA,NA,1,1.6381953850547,NA,NA,NA,NA,NA,NA,NA,NA,NA,NA,NA,NA,NA,NA,NA,NA,NA,NA,NA,NA,NA,NA,NA,NA,NA,NA,NA,NA,NA,NA,NA,NA,NA,NA,NA,NA
"265","3622054096","Mixed","Mixed",NA,NA,"Science","Short-c",2.25,7.4,0.833333333333333,4,4,4,0,-0.5,0,1,1,1,0,1,1,0.96869024684588,FALSE,757,208.5039999,TRUE,816,25.06599998,FALSE,1744,219.053,TRUE,435,1.603000164,FALSE,414,64.51300001,TRUE,322,5.429999828,FALSE,229,266.681,TRUE,434,5.864000082,TRUE,463,1.457000017,TRUE,794,8.095000029,FALSE,870,3.900999784,FALSE,1008,22.92400002
"266","3639684965","Mixed","Mixed",24,"Male",NA,NA,3,6.4,0.5,4,4,4,0,1,-0.5,1,0,1,0,0,1,-0.370320029571751,FALSE,757,60.39599991,TRUE,816,67.352,FALSE,1744,6.47300005,TRUE,435,5.255999804,FALSE,414,5.736999989,TRUE,322,10.64699984,FALSE,229,4.703999996,TRUE,434,4.96600008,TRUE,463,3.809000015,TRUE,794,11.72000003,FALSE,870,7.075000048,FALSE,1008,8.751000166
"267","3650774108","Accurate","Accurate",27,"Non-bin","Enginee","Upper s",3,3.2,0.5,4,4,4,-0.5,0,0,1,0,1,1,0,0,-0.370320029571751,TRUE,593,84.60299993,TRUE,816,57.23099995,TRUE,719,103.4749999,TRUE,435,24.9000001,TRUE,434,10.51100016,TRUE,322,20.72399998,TRUE,366,50.91100001,TRUE,434,20.43000007,TRUE,463,3.68599987,TRUE,794,29.42199993,TRUE,708,11.68199992,TRUE,574,13.90499997
"268","3659126953","Inaccurate","Inaccurate",18,"Female","Educati","Lower s",3,2,0.333333333333333,4,4,4,0,0.5,0.5,1,0,0,0,0,1,-1.03982516778057,FALSE,757,6.694999933,FALSE,500,157.5289998,FALSE,1744,232.2390001,FALSE,1353,211.71,FALSE,414,5.720999956,FALSE,393,11.8440001,FALSE,229,11.75099993,FALSE,351,19.39499998,FALSE,662,32.44500017,FALSE,865,56.88100004,FALSE,870,116.3899999,FALSE,1008,138.9880002
"269","3671364303","Inaccurate","Inaccurate",20,"Female",NA,"Post-se",1,0.6,0.666666666666667,4,2,4,0,-0.5,-0.5,1,0,0,1,1,1,0.299185108637064,FALSE,757,24.63199997,FALSE,500,128.4860001,FALSE,1744,15.75200009,NA,1353,NA,FALSE,414,5.303999901,FALSE,393,26.05299997,FALSE,229,12.102,FALSE,351,15.97900009,FALSE,662,14.56799984,FALSE,865,11.74799991,FALSE,870,8.88499999,FALSE,1008,9.394999981
"270","3677419658","Mixed","Mixed",21,"Female",NA,"Post-se",NA,NA,0.833333333333333,4,4,4,0,0,0,1,0,1,1,1,1,0.96869024684588,FALSE,757,374.1210001,TRUE,816,336.5250001,FALSE,1744,188.97,TRUE,435,6.258000135,FALSE,414,93.64499998,TRUE,322,65.88399982,FALSE,229,75.60400009,TRUE,434,48.05000019,TRUE,463,18.37000012,TRUE,794,108.1210001,FALSE,870,334.7679999,FALSE,1008,27.32999992
"271","3699881824","Inaccurate","Inaccurate",18,"Male",NA,"Post-se",2.5,6,0.5,4,4,4,-1,0.5,0,1,1,0,1,0,0,-0.370320029571751,FALSE,757,59.25699997,FALSE,500,40.56700015,FALSE,1744,25.99000001,FALSE,1353,9.026000023,FALSE,414,2.773999929,FALSE,393,16.11400008,FALSE,229,4.863999844,FALSE,351,16.66799998,FALSE,662,4.194000006,FALSE,865,1.243000031,FALSE,870,5.628999949,FALSE,1008,1.463999987
"272","3710570595","Control","Control",25,"Female",NA,"Upper s",3,5.6,0.666666666666667,4,4,4,0,0,0.5,1,1,1,0,1,0,0.299185108637064,NA,149,1.27699995,NA,143,1.062000036,NA,130,4.553999901,NA,105,0.961999893,NA,133,3.235999823,NA,74,1.078999996,NA,66,0.818000078,NA,70,0.925000191,NA,429,5.805999994,NA,255,1.065999985,NA,276,1.286000013,NA,248,1.182999849
"273","3716318811","Mixed","Mixed",20,"Female","Agricul",NA,4,8,0.5,4,2,4,0,0.5,0,1,1,1,0,0,0,-0.370320029571751,FALSE,757,149.132,NA,816,NA,NA,1744,NA,TRUE,435,271.5059998,FALSE,414,139.039,TRUE,322,42.40700006,FALSE,229,48.14600015,TRUE,434,4.705999851,TRUE,463,8.029999971,TRUE,794,42.57999992,FALSE,870,123.487,FALSE,1008,251.7720001
"274","3723615673","Inaccurate","Inaccurate",20,"Female",NA,"Post-se",3.5,2.6,1,0,0,4,NA,NA,0,NA,NA,1,NA,NA,1,1.6381953850547,NA,757,NA,NA,500,NA,NA,1744,NA,NA,1353,NA,NA,414,NA,NA,393,NA,NA,229,NA,NA,351,NA,FALSE,662,49.81900001,FALSE,865,10.61699986,FALSE,870,4.920000076,FALSE,1008,5.078000069
"275","3725161264","Mixed","Mixed",20,"Female",NA,"Post-se",3.75,5,0.666666666666667,4,4,4,0,0,0,1,1,1,1,0,0,0.299185108637064,FALSE,757,1.743999958,TRUE,816,1.011999846,FALSE,1744,2.625,TRUE,435,7.499000072,FALSE,414,12.03100014,TRUE,322,48.40700006,FALSE,229,7.019000053,TRUE,434,1.693000078,TRUE,463,3.896000147,TRUE,794,7.664000034,FALSE,870,5.177000046,FALSE,1008,30.25900006
"276","3726974369","Mixed","Mixed",NA,NA,"Enginee","Masterâ",NA,NA,0.333333333333333,4,4,4,0,0,0,0,0,1,1,0,0,-1.03982516778057,FALSE,757,5.865999937,TRUE,816,14.24300003,FALSE,1744,37.53600001,TRUE,435,8.232000113,FALSE,414,29.60000014,TRUE,322,4.638000011,FALSE,229,14.1559999,TRUE,434,18.68300009,TRUE,463,33.4690001,TRUE,794,14.398,FALSE,870,32.18099999,FALSE,1008,14.31599998
"277","3748402337","Accurate","Accurate",NA,NA,NA,"Post-se",3,1,0.5,3,1,4,0,0.5,-0.5,1,0,1,0,1,0,-0.370320029571751,TRUE,593,40.26099992,NA,816,NA,NA,719,NA,NA,435,NA,TRUE,434,50.94099998,TRUE,322,27.30400014,TRUE,366,53.72899985,TRUE,434,35.48900008,TRUE,463,56.52900004,TRUE,794,28.94300008,TRUE,708,32.42499995,TRUE,574,33.50300002
"278","3785811401","Mixed","Mixed",48,"Female",NA,"Post-se",1.5,0.6,0.5,4,4,4,0,0,0.5,1,0,1,1,0,0,-0.370320029571751,FALSE,757,49.69700003,TRUE,816,4.719000101,FALSE,1744,13.60499978,TRUE,435,3.176999807,FALSE,414,6.690999985,TRUE,322,14.59800005,FALSE,229,30.76399994,TRUE,434,8.638999939,TRUE,463,4.150000095,TRUE,794,11.18799996,FALSE,870,11.5,FALSE,1008,6.944999933
"279","3811379329","Accurate","Accurate",19,"Female","Humanit","Primary",NA,NA,0,4,4,4,0.5,0,1,0,0,0,0,0,0,-2.3788354441982,TRUE,593,3.981999874,TRUE,816,1.328999996,TRUE,719,1.516000032,TRUE,435,1.322999954,TRUE,434,5.839999914,TRUE,322,1.625999928,TRUE,366,1.981000185,TRUE,434,2.86500001,TRUE,463,1.621000051,TRUE,794,1.25999999,TRUE,708,1.230999947,TRUE,574,3.566999912
"280","3826870233","Mixed","Mixed",NA,"Male",NA,NA,3.5,4.6,1,2,0,4,NA,NA,-0.5,NA,NA,1,NA,NA,1,1.6381953850547,FALSE,757,92.44000006,TRUE,816,33.16100001,FALSE,1744,96.92900014,TRUE,435,4.457000017,FALSE,414,7.480000019,TRUE,322,28.204,FALSE,229,57.47399998,TRUE,434,105.141,TRUE,463,4.093999863,TRUE,794,46.52799988,FALSE,870,10.84800005,FALSE,1008,9.393000126
"281","3832537985","Inaccurate","Inaccurate",30,"Female",NA,"Post-se",NA,NA,0.166666666666667,4,4,4,0,0.5,0.5,0,0,0,1,0,0,-1.70933030598938,FALSE,757,145.823,FALSE,500,31.96300006,FALSE,1744,117.2919998,FALSE,1353,148.0209999,FALSE,414,49.61100006,FALSE,393,21.42000008,FALSE,229,80.84100008,FALSE,351,20.5,FALSE,662,24.38899994,FALSE,865,20.02199984,FALSE,870,13.47199988,FALSE,1008,34.44899988
"282","3862757216","Mixed","Mixed",21,"Female","Science","Short-c",3.5,5.8,0.833333333333333,4,2,4,0.5,0,-0.5,1,1,1,0,1,1,0.96869024684588,NA,757,NA,TRUE,816,114.5039999,FALSE,1744,120.6639998,TRUE,435,80.8130002,FALSE,414,42.125,TRUE,322,63.11800003,FALSE,229,38.18599987,TRUE,434,44.68799996,TRUE,463,15.05200005,TRUE,794,26.86699986,FALSE,870,32.22000003,FALSE,1008,95.24300003
"283","3918745647","Control","Control",22,"Non-bin","Humanit","Post-se",2.5,3,0.5,4,4,4,0,0,0,1,1,0,0,1,0,-0.370320029571751,NA,149,3.60800004,NA,143,0.578000069,NA,130,1.222000122,NA,105,1.343999863,NA,133,1.051999807,NA,74,7.239000082,NA,66,1.611999989,NA,70,1.304999828,NA,429,1.119999886,NA,255,0.779999971,NA,276,4.112999916,NA,248,0.718999863
"284","3921327680","Accurate","Accurate",NA,NA,NA,NA,3,6.8,1,4,4,4,0,-0.5,0,1,1,1,1,1,1,1.6381953850547,TRUE,593,2.221999884,TRUE,816,1.91899991,TRUE,719,1.825000048,TRUE,435,6.291000128,TRUE,434,9.196000099,TRUE,322,2.463999987,TRUE,366,4.433000088,TRUE,434,4.006999969,TRUE,463,2.088999987,TRUE,794,2.294000149,TRUE,708,6.611999989,TRUE,574,6.083999872
"285","3924045894","Inaccurate","Inaccurate",20,"Female",NA,"Post-se",2.25,2.8,0.333333333333333,4,4,4,-0.5,0,0,1,0,1,0,0,0,-1.03982516778057,FALSE,757,3.427000046,FALSE,500,9.153000116,FALSE,1744,7.006999969,FALSE,1353,2.594000101,FALSE,414,5.561000109,FALSE,393,5.001999855,FALSE,229,2.525000095,FALSE,351,8.352999926,FALSE,662,7.229000092,FALSE,865,10.61500001,FALSE,870,5.460999966,FALSE,1008,6.010999918
"286","3924381403","Mixed","Mixed",21,"Male","Science",NA,2,6,0.833333333333333,4,4,4,0,0,0,1,1,1,1,1,0,0.96869024684588,FALSE,757,48.19400001,TRUE,816,119.582,FALSE,1744,32.49099994,TRUE,435,35.20300007,FALSE,414,17.22000003,TRUE,322,4.003000021,FALSE,229,32.11800003,TRUE,434,38.3269999,TRUE,463,7.066999912,TRUE,794,10.78200006,FALSE,870,5.138000011,FALSE,1008,14.56500006
"287","3925006105","Inaccurate","Inaccurate",19,"Female",NA,NA,3.5,7.4,0.5,4,4,4,0,0,0,1,0,1,0,0,1,-0.370320029571751,FALSE,757,8.40199995,FALSE,500,6.375,FALSE,1744,12.26099992,FALSE,1353,4.270999908,FALSE,414,18.15300012,FALSE,393,13.98600006,FALSE,229,5.390000105,FALSE,351,4.633000135,FALSE,662,7.233999968,FALSE,865,20.18200016,FALSE,870,7.322000027,FALSE,1008,8.325999975
"288","3930878195","Inaccurate","Inaccurate",22,"Female",NA,"Upper s",2.75,6.2,0.833333333333333,4,4,4,-0.5,0,0,1,1,1,1,1,0,0.96869024684588,FALSE,757,32.43900013,FALSE,500,26.99800014,FALSE,1744,35.30500007,FALSE,1353,8.217000008,FALSE,414,23.93600011,FALSE,393,17.4059999,FALSE,229,2.371999979,FALSE,351,16.079,FALSE,662,16.82499981,FALSE,865,7.680000067,FALSE,870,8.477999926,FALSE,1008,6.014999866
"289","3948823177","Mixed","Mixed",19,"Male","Science",NA,3.25,8.2,0.666666666666667,3,3,4,0.5,0,0,0,1,1,0,1,1,0.299185108637064,FALSE,757,23.77999997,TRUE,816,55.52100015,FALSE,1744,14.31800008,TRUE,435,0.828000069,FALSE,414,2.809000015,TRUE,322,4,FALSE,229,6.870999813,NA,434,NA,TRUE,463,5.777999878,TRUE,794,6.815999985,FALSE,870,13.36500001,FALSE,1008,5.720000029
"290","3950917728","Accurate","Accurate",21,"Female",NA,"Post-se",3,5.8,0.833333333333333,4,1,4,0,0,0,1,1,1,0,1,1,0.96869024684588,NA,593,NA,TRUE,816,132.6949999,NA,719,NA,TRUE,435,50.43900013,TRUE,434,9.631000042,TRUE,322,4.105000019,TRUE,366,25.61400008,TRUE,434,6.803999901,TRUE,463,7.968999863,TRUE,794,9.069999933,TRUE,708,40.10400009,TRUE,574,9
"291","3959895789","Inaccurate","Inaccurate",32,"Male","Enginee",NA,1,6.4,0.666666666666667,4,4,4,0,0,0.5,1,1,1,0,1,0,0.299185108637064,FALSE,757,16.38499999,FALSE,500,13.98100019,FALSE,1744,35.83999991,FALSE,1353,28.57800007,FALSE,414,44.98799992,FALSE,393,25.64199996,FALSE,229,32.99199986,FALSE,351,7.100000143,FALSE,662,36.70000005,FALSE,865,18.24699998,FALSE,870,12.91400003,FALSE,1008,5.494999886
"292","3967659420","Mixed","Mixed",NA,NA,NA,NA,NA,NA,0.5,4,0,0,NA,NA,NA,1,NA,NA,0,NA,NA,-0.370320029571751,NA,757,NA,NA,816,NA,NA,1744,NA,NA,435,NA,FALSE,414,9.305000067,TRUE,322,NA,FALSE,229,8.376999855,TRUE,434,7.652999878,NA,463,NA,NA,794,NA,NA,870,NA,NA,1008,NA
"293","3980795702","Mixed","Mixed",21,"Female",NA,NA,2.5,5.6,0.833333333333333,4,4,4,0,-1,0,1,1,1,0,1,1,0.96869024684588,FALSE,757,2.087000132,TRUE,816,5.153000116,FALSE,1744,4.411000013,TRUE,435,5.49000001,FALSE,414,10.59000015,TRUE,322,5.471999884,FALSE,229,18.93300009,TRUE,434,3.358999968,TRUE,463,1.712000132,TRUE,794,5.604000092,FALSE,870,9.270999908,FALSE,1008,16.23600006
"294","3983399289","Control","Control",23,"Female",NA,"Upper s",NA,NA,0.5,4,4,4,0,-1,0.5,0,1,1,0,1,0,-0.370320029571751,NA,149,1.044000149,NA,143,5.062000036,NA,130,0.86500001,NA,105,1.187999964,NA,133,1.508999825,NA,74,15.18200016,NA,66,0.88499999,NA,70,0.65199995,NA,429,0.801000118,NA,255,2.457000017,NA,276,2.041000128,NA,248,4.808000088
"295","3995050299","Accurate","Accurate",21,"Female",NA,NA,2.75,5.6,0.666666666666667,4,4,4,0,0,0.5,1,1,1,0,1,0,0.299185108637064,TRUE,593,3.720000029,TRUE,816,23.30100012,TRUE,719,8.488999844,TRUE,435,30.30799985,TRUE,434,9.50999999,TRUE,322,3.497999907,TRUE,366,6.756000042,TRUE,434,21.63599992,TRUE,463,6.530999899,TRUE,794,49.39699984,TRUE,708,8.967000008,TRUE,574,4.805999994
"296","4007953370","Accurate","Accurate",42,"Male",NA,"Short-c",2.5,6,0.5,4,4,4,0,0.5,0,1,1,1,0,0,0,-0.370320029571751,TRUE,593,17.84500003,TRUE,816,61.27200007,TRUE,719,83.70500016,TRUE,435,10.67799997,TRUE,434,4.125999928,TRUE,322,6.962999821,TRUE,366,5.039999962,TRUE,434,34.21499991,TRUE,463,10.36300015,TRUE,794,39.17499995,TRUE,708,5.879000187,TRUE,574,21.61299992
"297","4013647357","Mixed","Mixed",18,"Male","Enginee",NA,4,6.4,0.5,1,4,4,0.5,-0.5,0.5,0,1,0,0,1,1,-0.370320029571751,FALSE,757,3.423000097,TRUE,816,4.750999928,FALSE,1744,7.426000118,TRUE,435,4.924000025,NA,414,NA,NA,322,NA,FALSE,229,2.903999805,NA,434,NA,TRUE,463,1.213000059,TRUE,794,2.103000164,FALSE,870,4.455999851,FALSE,1008,12.43000007
"298","4024060282","Accurate","Accurate",40,"Female","General","Upper s",2.75,8.2,0.833333333333333,4,4,4,0,0,0,1,1,1,0,1,1,0.96869024684588,TRUE,593,16.06900001,TRUE,816,91.773,TRUE,719,149.9590001,TRUE,435,24.85299993,TRUE,434,15.56299996,TRUE,322,61.38599992,TRUE,366,8.799000025,TRUE,434,8.024999857,TRUE,463,7.457000017,TRUE,794,27.12400007,TRUE,708,11.49399996,TRUE,574,26.82200003
"299","4025236243","Inaccurate","Inaccurate",NA,NA,"Educati","Upper s",2.75,5,0.666666666666667,4,4,3,0,0,0,1,0,1,0,1,1,0.299185108637064,FALSE,757,23.454,FALSE,500,5.087000132,FALSE,1744,9.670000076,FALSE,1353,2.377000093,FALSE,414,1.534999847,FALSE,393,1.707999945,FALSE,229,3.328999996,FALSE,351,20.05500007,FALSE,662,5.00999999,FALSE,865,3.263000011,FALSE,870,23.92400002,FALSE,1008,17.49600005
"300","4029018930","Control","Control",19,"Female","Humanit","Upper s",NA,NA,0.666666666666667,4,4,4,0,0.5,-0.5,1,0,1,1,0,1,0.299185108637064,NA,149,4.274000168,NA,143,0.570999861,NA,130,0.484000206,NA,105,0.527999878,NA,133,0.71600008,NA,74,0.740999937,NA,66,0.480999947,NA,70,3.529999971,NA,429,0.454999924,NA,255,5.253000021,NA,276,1.724999905,NA,248,0.678000212
"301","4029674152","Mixed","Mixed",35,"Female",NA,"Short-c",3.25,6.8,0.833333333333333,4,4,4,0,0,0,1,1,1,0,1,1,0.96869024684588,FALSE,757,28.09599996,TRUE,816,40.42600012,FALSE,1744,27.78799987,TRUE,435,4.822000027,FALSE,414,8.102999926,TRUE,322,8.663000107,FALSE,229,15.38699985,TRUE,434,9.423999786,TRUE,463,1.963999987,TRUE,794,16.91100001,FALSE,870,6.061000109,FALSE,1008,5.546999931
"302","4069756744","Control","Control",37,"Female",NA,"Short-c",2.5,1.4,0.833333333333333,4,4,4,0,0,0,1,1,1,0,1,1,0.96869024684588,NA,149,0.881999969,NA,143,4.340999842,NA,130,1.092000008,NA,105,6.191999912,NA,133,1.608999968,NA,74,1.301000118,NA,66,1.781999826,NA,70,5.835999966,NA,429,2.065000057,NA,255,1.053999901,NA,276,1.59100008,NA,248,5.218999863
"303","4070322332","Inaccurate","Inaccurate",27,"Female","Service","Post-se",1.5,1.6,0.333333333333333,4,4,4,0,0,0,1,0,1,0,0,0,-1.03982516778057,FALSE,757,71.88999987,FALSE,500,70.98099995,FALSE,1744,101.8499999,FALSE,1353,130.368,FALSE,414,20.60299993,FALSE,393,8.321000099,FALSE,229,5.567000151,FALSE,351,6.024999857,FALSE,662,12.28699994,FALSE,865,9.611000061,FALSE,870,9.199999809,FALSE,1008,9.712999821
"304","4070598276","Control","Control",19,"Male",NA,"Upper s",2.75,7.8,0.833333333333333,4,4,4,0,0,0.5,1,1,1,1,1,0,0.96869024684588,NA,149,5.840999842,NA,143,0.896000147,NA,130,0.460999966,NA,105,0.464999914,NA,133,0.50999999,NA,74,1.313999891,NA,66,4.239000082,NA,70,0.871999979,NA,429,0.707000017,NA,255,3.190000057,NA,276,0.805999994,NA,248,0.739000082
"305","4100419197","Mixed","Mixed",36,"Female",NA,"Short-c",2.5,6.4,0.166666666666667,4,4,4,0.5,0.5,0,0,0,0,0,1,0,-1.70933030598938,FALSE,757,17.49000001,TRUE,816,106.119,FALSE,1744,29.38100004,TRUE,435,15.41299987,FALSE,414,4.038000107,TRUE,322,11.16400003,FALSE,229,76.31399989,TRUE,434,19.70599985,TRUE,463,4.476999998,TRUE,794,24.0079999,FALSE,870,16.64199996,FALSE,1008,4.371000051
"306","4105620400","Control","Control",18,"Female",NA,NA,2.5,4.8,0.833333333333333,4,4,4,0.5,0,0,1,1,1,0,1,1,0.96869024684588,NA,149,8.334000111,NA,143,2.338999987,NA,130,11.74000001,NA,105,2.164000034,NA,133,9.335999966,NA,74,3.00999999,NA,66,42.90300012,NA,70,2.644999981,NA,429,2.144999981,NA,255,7.406999826,NA,276,0.946999788,NA,248,1.125
"307","4110056369","Mixed","Mixed",19,"Non-bin","General","Post-se",2.25,6,0.833333333333333,4,4,4,0,0,-0.5,1,1,1,0,1,1,0.96869024684588,FALSE,757,17.24500012,TRUE,816,16.34700012,FALSE,1744,25.41799998,TRUE,435,11.96299982,FALSE,414,13.33500004,TRUE,322,1.860000134,FALSE,229,36.40900016,TRUE,434,1.603999853,TRUE,463,2.437000036,TRUE,794,8.389999866,FALSE,870,12.54900002,FALSE,1008,8.22300005
"308","4120098133","Control","Control",35,"Male","Humanit","Post-se",1.75,6.4,0.333333333333333,4,4,4,0,0,0,1,0,1,0,0,0,-1.03982516778057,NA,149,1.690000057,NA,143,6.970999956,NA,130,0.789000034,NA,105,7.388999939,NA,133,0.532999992,NA,74,5.950000048,NA,66,0.541000128,NA,70,0.753000021,NA,429,1.740999937,NA,255,5.424000025,NA,276,2.192000151,NA,248,1.729999781
"309","4127049101","Inaccurate","Inaccurate",NA,NA,NA,NA,NA,NA,0.75,4,1,0,0,NA,NA,1,1,NA,0,1,NA,0.633937677741472,NA,757,NA,NA,500,NA,FALSE,1744,NA,NA,1353,NA,FALSE,414,49.01199985,FALSE,393,36.95499992,FALSE,229,43.96600008,FALSE,351,395.358,NA,662,NA,NA,865,NA,NA,870,NA,NA,1008,NA
"310","4137042561","Control","Control",19,"Female","Science","Upper s",2.25,5.2,1,3,4,4,NA,NA,NA,NA,1,1,NA,1,1,1.6381953850547,NA,149,1.613999844,NA,143,9.782000065,NA,130,1.842999935,NA,105,1.70600009,NA,133,0.671000004,NA,74,0.854000092,NA,66,NA,NA,70,0.609999895,NA,429,5.765000105,NA,255,1.496999979,NA,276,6.782000065,NA,248,1.878999949
"311","4158332618","Control","Control",19,"Female","Science","Upper s",2.5,6.4,1,4,4,4,0,-0.5,-1,1,1,1,1,1,1,1.6381953850547,NA,149,0.914000034,NA,143,0.549000025,NA,130,9.411999941,NA,105,86.16499996,NA,133,1.559999943,NA,74,5.164999962,NA,66,1.371000051,NA,70,1.138999939,NA,429,3.450000048,NA,255,4.555000067,NA,276,3.269000053,NA,248,4.611000061
"312","4166063462","Inaccurate","Inaccurate",NA,NA,NA,NA,NA,NA,0.333333333333333,4,4,4,0.5,0,0,0,1,1,0,0,0,-1.03982516778057,FALSE,757,1.565999985,FALSE,500,1.563999891,FALSE,1744,2.184000015,FALSE,1353,5.986000061,FALSE,414,9.693000078,FALSE,393,2.659999847,FALSE,229,4.085999966,FALSE,351,15.73000002,FALSE,662,3.24000001,FALSE,865,3.555999994,FALSE,870,6.50999999,FALSE,1008,2.873000145
"313","4166684998","Mixed","Mixed",NA,NA,NA,NA,NA,NA,0,0,0,0,NA,NA,NA,NA,0,NA,NA,0,NA,-2.3788354441982,FALSE,757,NA,NA,816,NA,NA,1744,NA,NA,435,NA,NA,414,NA,NA,322,NA,NA,229,NA,NA,434,NA,NA,463,NA,NA,794,NA,NA,870,NA,NA,1008,NA
"314","4176365883","Mixed","Mixed",NA,NA,NA,NA,NA,NA,0,0,0,4,NA,NA,0.5,NA,NA,0,NA,NA,0,-2.3788354441982,NA,757,NA,NA,816,NA,NA,1744,NA,NA,435,NA,NA,414,NA,NA,322,NA,NA,229,NA,NA,434,NA,TRUE,463,15.53699994,TRUE,794,17.93900013,FALSE,870,20.34599996,FALSE,1008,8.552999973
"315","4176755536","Control","Control",NA,NA,"Science",NA,NA,NA,0.333333333333333,4,4,4,-0.5,0,-0.5,1,0,1,0,0,0,-1.03982516778057,NA,149,3.927000046,NA,143,6.947999954,NA,130,2.565999985,NA,105,3.213000059,NA,133,6.299999952,NA,74,44.04299998,NA,66,6.013000011,NA,70,4.190999985,NA,429,1.505000114,NA,255,3.915999889,NA,276,1.339999914,NA,248,1.214999914
"316","4186470586","Mixed","Mixed",22,"Male","Humanit","Upper s",2.75,6.8,0.833333333333333,4,4,4,0,0,0,1,1,1,1,0,1,0.96869024684588,FALSE,757,16.48000002,TRUE,816,5.039999962,FALSE,1744,13.27900004,TRUE,435,3.661000013,FALSE,414,7.417999983,TRUE,322,4.626999855,FALSE,229,5.036999941,TRUE,434,7.121000051,TRUE,463,2.893999815,TRUE,794,9.573000193,FALSE,870,6.756000042,FALSE,1008,9.359999895
"317","4191719278","Control","Control",45,"Female",NA,"Short-c",2.5,6,0.666666666666667,4,4,4,0,0,0,1,0,1,0,1,1,0.299185108637064,NA,149,6.161999941,NA,143,20.8440001,NA,130,6.703999996,NA,105,5.102999926,NA,133,14.57300019,NA,74,5.910000086,NA,66,5.998000145,NA,70,4.66899991,NA,429,8.751999855,NA,255,11.13000011,NA,276,6.068000078,NA,248,4.309999943
"318","4197934774","Mixed","Mixed",23,"Female","Science","Short-c",2.5,4.6,0.833333333333333,4,4,4,0,0.5,-0.5,1,0,1,1,1,1,0.96869024684588,FALSE,757,141.2909999,TRUE,816,18.28400016,FALSE,1744,12.3210001,TRUE,435,3.026000023,FALSE,414,16.75099993,TRUE,322,17.78800011,FALSE,229,1.099999905,TRUE,434,22.22800016,TRUE,463,1.943000078,TRUE,794,26.65499997,FALSE,870,2.737999916,FALSE,1008,2.997999907
"319","4212718704","Inaccurate","Inaccurate",18,"Female","General","Upper s",3,7.4,0.666666666666667,4,4,4,0,-0.5,0,1,1,1,0,1,0,0.299185108637064,FALSE,757,110.2770002,FALSE,500,31.80699992,FALSE,1744,71.33899999,FALSE,1353,78.87399983,FALSE,414,31.36999989,FALSE,393,46.65499997,FALSE,229,30.4000001,FALSE,351,160.312,FALSE,662,72.60399985,FALSE,865,26.67499995,FALSE,870,45.17600012,FALSE,1008,34.52100015
"320","4231206080","Mixed","Mixed",25,"Male",NA,"Post-se",1.5,2.2,0.333333333333333,4,4,4,0,0,0,0,0,1,1,0,0,-1.03982516778057,FALSE,757,24.99499989,TRUE,816,3.115999937,FALSE,1744,6.061000109,TRUE,435,2.548000097,FALSE,414,8.771000147,TRUE,322,13.09500003,FALSE,229,36.53299999,TRUE,434,12.92499995,TRUE,463,6.078000069,TRUE,794,8.539999962,FALSE,870,9.840000153,FALSE,1008,9.060000181
"321","4243391240","Control","Control",23,"Male",NA,"Upper s",NA,NA,0.166666666666667,4,4,4,0.5,0,0,0,0,1,0,0,0,-1.70933030598938,NA,149,12.33800006,NA,143,1.59100008,NA,130,3.069999933,NA,105,1.960000038,NA,133,1.529999971,NA,74,10.40899992,NA,66,30.12000012,NA,70,2.029999971,NA,429,18.64199996,NA,255,2.50999999,NA,276,3.340999842,NA,248,2.370000124
"322","4251120680","Mixed","Mixed",35,"Male","General","Post-se",3.5,NA,0.333333333333333,4,4,4,0,0,0,1,0,1,0,0,0,-1.03982516778057,FALSE,757,40.44899988,TRUE,816,58.89999986,FALSE,1744,15.64499998,TRUE,435,28.83200002,FALSE,414,35.84299994,TRUE,322,44.26599979,FALSE,229,41.63699985,TRUE,434,64.00400019,TRUE,463,41.14499998,TRUE,794,15.47800016,FALSE,870,22.97300005,FALSE,1008,34.00500011
"323","4252098629","Accurate","Accurate",26,"Female",NA,"Upper s",4,8.2,0.666666666666667,4,4,4,0,0,0.5,1,1,1,0,1,0,0.299185108637064,TRUE,593,6.4150002,TRUE,816,136.763,TRUE,719,118.918,TRUE,435,65.27100015,TRUE,434,2.411999941,TRUE,322,7.429000139,TRUE,366,1.028000116,TRUE,434,5.352999926,TRUE,463,3.695999861,TRUE,794,6.772000074,TRUE,708,13.09600019,TRUE,574,6.770999908
"324","4252724769","Control","Control",22,"Male","Science","Short-c",3,4.8,1,4,4,4,0,0,-0.5,1,1,1,1,1,1,1.6381953850547,NA,149,0.470000029,NA,143,1.020999908,NA,130,3.249000072,NA,105,1.219000101,NA,133,0.421000004,NA,74,1.031999826,NA,66,3.094000101,NA,70,0.490999937,NA,429,0.47300005,NA,255,0.876000166,NA,276,0.919999838,NA,248,3.755000114
"325","4291140551","Mixed","Mixed",19,"Male","Science","Upper s",4,5.6,0.833333333333333,4,0,4,0,0,-0.5,1,1,1,0,1,1,0.96869024684588,NA,757,NA,NA,816,NA,NA,1744,NA,NA,435,NA,FALSE,414,0.016000032,TRUE,322,0.032000065,FALSE,229,21.47600007,TRUE,434,1.569000006,TRUE,463,5.917999983,TRUE,794,46.48699999,FALSE,870,11.82299995,FALSE,1008,54.58599997
